"filename", "language", "Ini", "Markdown", "Log", "C++", "JSON", "Makefile", "XML", "CMake", "YAML", "GLSL", "TypeScript", "Shell Script", "Objective-C++", "CUDA C++", "C", "HTML", "Gradle", "CMake Cache", "Python", "pip requirements", "comment", "blank", "total"
"/home/lennart-k-hler/projects/dolphin/.idea/deconvtool.iml", "XML", 0, 0, 0, 0, 0, 0, 2, 0, 0, 0, 0, 0, 0, 0, 0, 0, 0, 0, 0, 0, 0, 0, 2
"/home/lennart-k-hler/projects/dolphin/.idea/editor.xml", "XML", 0, 0, 0, 0, 0, 0, 580, 0, 0, 0, 0, 0, 0, 0, 0, 0, 0, 0, 0, 0, 0, 0, 580
"/home/lennart-k-hler/projects/dolphin/.idea/misc.xml", "XML", 0, 0, 0, 0, 0, 0, 13, 0, 0, 0, 0, 0, 0, 0, 0, 0, 0, 0, 0, 0, 0, 0, 13
"/home/lennart-k-hler/projects/dolphin/.idea/modules.xml", "XML", 0, 0, 0, 0, 0, 0, 8, 0, 0, 0, 0, 0, 0, 0, 0, 0, 0, 0, 0, 0, 0, 0, 8
"/home/lennart-k-hler/projects/dolphin/.idea/vcs.xml", "XML", 0, 0, 0, 0, 0, 0, 7, 0, 0, 0, 0, 0, 0, 0, 0, 0, 0, 0, 0, 0, 0, 0, 7
"/home/lennart-k-hler/projects/dolphin/.roo/rules-architect/AGENTS.md", "Markdown", 0, 139, 0, 0, 0, 0, 0, 0, 0, 0, 0, 0, 0, 0, 0, 0, 0, 0, 0, 0, 0, 34, 173
"/home/lennart-k-hler/projects/dolphin/.roo/rules-ask/AGENTS.md", "Markdown", 0, 44, 0, 0, 0, 0, 0, 0, 0, 0, 0, 0, 0, 0, 0, 0, 0, 0, 0, 0, 0, 24, 68
"/home/lennart-k-hler/projects/dolphin/.roo/rules-code/AGENTS.md", "Markdown", 0, 107, 0, 0, 0, 0, 0, 0, 0, 0, 0, 0, 0, 0, 0, 0, 0, 0, 0, 0, 0, 25, 132
"/home/lennart-k-hler/projects/dolphin/.roo/rules-debug/AGENTS.md", "Markdown", 0, 80, 0, 0, 0, 0, 0, 0, 0, 0, 0, 0, 0, 0, 0, 0, 0, 0, 0, 0, 0, 20, 100
"/home/lennart-k-hler/projects/dolphin/AGENTS.md", "Markdown", 0, 100, 0, 0, 0, 0, 0, 0, 0, 0, 0, 0, 0, 0, 0, 0, 0, 0, 0, 0, 0, 29, 129
"/home/lennart-k-hler/projects/dolphin/CMakeLists.txt", "CMake", 0, 0, 0, 0, 0, 0, 0, 195, 0, 0, 0, 0, 0, 0, 0, 0, 0, 0, 0, 0, 0, 49, 244
"/home/lennart-k-hler/projects/dolphin/NOTES.md", "Markdown", 0, 17, 0, 0, 0, 0, 0, 0, 0, 0, 0, 0, 0, 0, 0, 0, 0, 0, 0, 0, 0, 10, 27
"/home/lennart-k-hler/projects/dolphin/README.md", "Markdown", 0, 159, 0, 0, 0, 0, 0, 0, 0, 0, 0, 0, 0, 0, 0, 0, 0, 0, 0, 0, 0, 41, 200
"/home/lennart-k-hler/projects/dolphin/TODO.md", "Markdown", 0, 57, 0, 0, 0, 0, 0, 0, 0, 0, 0, 0, 0, 0, 0, 0, 0, 0, 0, 0, 0, 50, 107
"/home/lennart-k-hler/projects/dolphin/Testing/Temporary/LastTest.log", "Log", 0, 0, 3, 0, 0, 0, 0, 0, 0, 0, 0, 0, 0, 0, 0, 0, 0, 0, 0, 0, 0, 1, 4
"/home/lennart-k-hler/projects/dolphin/backends/cpu/CMakeLists.txt", "CMake", 0, 0, 0, 0, 0, 0, 0, 35, 0, 0, 0, 0, 0, 0, 0, 0, 0, 0, 0, 0, 0, 10, 45
"/home/lennart-k-hler/projects/dolphin/backends/cpu/CPUBackend.cpp", "C++", 0, 0, 0, 587, 0, 0, 0, 0, 0, 0, 0, 0, 0, 0, 0, 0, 0, 0, 0, 0, 46, 132, 765
"/home/lennart-k-hler/projects/dolphin/backends/cpu/CPUBackend.h", "C++", 0, 0, 0, 184, 0, 0, 0, 0, 0, 0, 0, 0, 0, 0, 0, 0, 0, 0, 0, 0, 39, 64, 287
"/home/lennart-k-hler/projects/dolphin/backends/cuda/CMakeLists.txt", "CMake", 0, 0, 0, 0, 0, 0, 0, 26, 0, 0, 0, 0, 0, 0, 0, 0, 0, 0, 0, 0, 0, 11, 37
"/home/lennart-k-hler/projects/dolphin/backends/cuda/CUDABackend.cpp", "C++", 0, 0, 0, 373, 0, 0, 0, 0, 0, 0, 0, 0, 0, 0, 0, 0, 0, 0, 0, 0, 30, 121, 524
"/home/lennart-k-hler/projects/dolphin/backends/cuda/CUDABackend.h", "C++", 0, 0, 0, 191, 0, 0, 0, 0, 0, 0, 0, 0, 0, 0, 0, 0, 0, 0, 0, 0, 45, 60, 296
"/home/lennart-k-hler/projects/dolphin/backends/cuda/CUDABackendManager.cpp", "C++", 0, 0, 0, 88, 0, 0, 0, 0, 0, 0, 0, 0, 0, 0, 0, 0, 0, 0, 0, 0, 8, 29, 125
"/home/lennart-k-hler/projects/dolphin/backends/cuda/CUDABackendManager.h", "C++", 0, 0, 0, 44, 0, 0, 0, 0, 0, 0, 0, 0, 0, 0, 0, 0, 0, 0, 0, 0, 49, 18, 111
"/home/lennart-k-hler/projects/dolphin/build/.cmake/api/v1/query/client-vscode/query.json", "JSON", 0, 0, 0, 0, 1, 0, 0, 0, 0, 0, 0, 0, 0, 0, 0, 0, 0, 0, 0, 0, 0, 0, 1
"/home/lennart-k-hler/projects/dolphin/build/.cmake/api/v1/reply/cache-v2-879d3b141295eaea1089.json", "JSON", 0, 0, 0, 0, 4323, 0, 0, 0, 0, 0, 0, 0, 0, 0, 0, 0, 0, 0, 0, 0, 0, 1, 4324
"/home/lennart-k-hler/projects/dolphin/build/.cmake/api/v1/reply/cmakeFiles-v1-b91f56d0b20e34e1a4dc.json", "JSON", 0, 0, 0, 0, 495, 0, 0, 0, 0, 0, 0, 0, 0, 0, 0, 0, 0, 0, 0, 0, 0, 1, 496
"/home/lennart-k-hler/projects/dolphin/build/.cmake/api/v1/reply/codemodel-v2-31236e4ee72b072007af.json", "JSON", 0, 0, 0, 0, 291, 0, 0, 0, 0, 0, 0, 0, 0, 0, 0, 0, 0, 0, 0, 0, 0, 1, 292
"/home/lennart-k-hler/projects/dolphin/build/.cmake/api/v1/reply/directory-.-Debug-f5ebdc15457944623624.json", "JSON", 0, 0, 0, 0, 14, 0, 0, 0, 0, 0, 0, 0, 0, 0, 0, 0, 0, 0, 0, 0, 0, 1, 15
"/home/lennart-k-hler/projects/dolphin/build/.cmake/api/v1/reply/directory-backends.cpu-Debug-1420a3450912eedca3ba.json", "JSON", 0, 0, 0, 0, 14, 0, 0, 0, 0, 0, 0, 0, 0, 0, 0, 0, 0, 0, 0, 0, 0, 1, 15
"/home/lennart-k-hler/projects/dolphin/build/.cmake/api/v1/reply/directory-backends.cuda-Debug-6ac5b8aa9a84663297a6.json", "JSON", 0, 0, 0, 0, 14, 0, 0, 0, 0, 0, 0, 0, 0, 0, 0, 0, 0, 0, 0, 0, 0, 1, 15
"/home/lennart-k-hler/projects/dolphin/build/.cmake/api/v1/reply/directory-cube.build-Debug-d5d82b94a20bc9c7ae42.json", "JSON", 0, 0, 0, 0, 14, 0, 0, 0, 0, 0, 0, 0, 0, 0, 0, 0, 0, 0, 0, 0, 0, 1, 15
"/home/lennart-k-hler/projects/dolphin/build/.cmake/api/v1/reply/directory-tests-Debug-b01f6abb0ab61427ef3b.json", "JSON", 0, 0, 0, 0, 14, 0, 0, 0, 0, 0, 0, 0, 0, 0, 0, 0, 0, 0, 0, 0, 0, 1, 15
"/home/lennart-k-hler/projects/dolphin/build/.cmake/api/v1/reply/directory-tests.backends-Debug-ec58848a681ed07a6361.json", "JSON", 0, 0, 0, 0, 14, 0, 0, 0, 0, 0, 0, 0, 0, 0, 0, 0, 0, 0, 0, 0, 0, 1, 15
"/home/lennart-k-hler/projects/dolphin/build/.cmake/api/v1/reply/index-2025-12-10T08-51-51-0400.json", "JSON", 0, 0, 0, 0, 132, 0, 0, 0, 0, 0, 0, 0, 0, 0, 0, 0, 0, 0, 0, 0, 0, 1, 133
"/home/lennart-k-hler/projects/dolphin/build/.cmake/api/v1/reply/target-CUBE-Debug-7843643db23c192db8cb.json", "JSON", 0, 0, 0, 0, 402, 0, 0, 0, 0, 0, 0, 0, 0, 0, 0, 0, 0, 0, 0, 0, 0, 1, 403
"/home/lennart-k-hler/projects/dolphin/build/.cmake/api/v1/reply/target-backendlib-Debug-a4ab383c8333823a0fc5.json", "JSON", 0, 0, 0, 0, 117, 0, 0, 0, 0, 0, 0, 0, 0, 0, 0, 0, 0, 0, 0, 0, 0, 1, 118
"/home/lennart-k-hler/projects/dolphin/build/.cmake/api/v1/reply/target-cpu_backend-Debug-e7b82370f724e6fd7f48.json", "JSON", 0, 0, 0, 0, 184, 0, 0, 0, 0, 0, 0, 0, 0, 0, 0, 0, 0, 0, 0, 0, 0, 1, 185
"/home/lennart-k-hler/projects/dolphin/build/.cmake/api/v1/reply/target-cpu_test-Debug-be46c4d7c81a3894e3dd.json", "JSON", 0, 0, 0, 0, 420, 0, 0, 0, 0, 0, 0, 0, 0, 0, 0, 0, 0, 0, 0, 0, 0, 1, 421
"/home/lennart-k-hler/projects/dolphin/build/.cmake/api/v1/reply/target-cuda_backend-Debug-40fcc6a846db6c1ea7d5.json", "JSON", 0, 0, 0, 0, 331, 0, 0, 0, 0, 0, 0, 0, 0, 0, 0, 0, 0, 0, 0, 0, 0, 1, 332
"/home/lennart-k-hler/projects/dolphin/build/.cmake/api/v1/reply/target-cuda_test-Debug-619435b23b7c0b8a0b03.json", "JSON", 0, 0, 0, 0, 420, 0, 0, 0, 0, 0, 0, 0, 0, 0, 0, 0, 0, 0, 0, 0, 0, 1, 421
"/home/lennart-k-hler/projects/dolphin/build/.cmake/api/v1/reply/target-cufft_vs_fftw_comparison-Debug-18855d60e2561c2c27d7.json", "JSON", 0, 0, 0, 0, 176, 0, 0, 0, 0, 0, 0, 0, 0, 0, 0, 0, 0, 0, 0, 0, 0, 1, 177
"/home/lennart-k-hler/projects/dolphin/build/.cmake/api/v1/reply/target-dolphin-Debug-befa68194cc747524152.json", "JSON", 0, 0, 0, 0, 401, 0, 0, 0, 0, 0, 0, 0, 0, 0, 0, 0, 0, 0, 0, 0, 0, 1, 402
"/home/lennart-k-hler/projects/dolphin/build/.cmake/api/v1/reply/target-dolphin_tests-Debug-85e97cb1a811e23bacdf.json", "JSON", 0, 0, 0, 0, 428, 0, 0, 0, 0, 0, 0, 0, 0, 0, 0, 0, 0, 0, 0, 0, 0, 1, 429
"/home/lennart-k-hler/projects/dolphin/build/.cmake/api/v1/reply/target-dolphinlib-Debug-01358fe4dcd76212bfc3.json", "JSON", 0, 0, 0, 0, 548, 0, 0, 0, 0, 0, 0, 0, 0, 0, 0, 0, 0, 0, 0, 0, 0, 1, 549
"/home/lennart-k-hler/projects/dolphin/build/.cmake/api/v1/reply/target-fft_performance_test-Debug-cab0402d081c3691e02d.json", "JSON", 0, 0, 0, 0, 420, 0, 0, 0, 0, 0, 0, 0, 0, 0, 0, 0, 0, 0, 0, 0, 0, 1, 421
"/home/lennart-k-hler/projects/dolphin/build/.cmake/api/v1/reply/target-imgui_lib-Debug-79d27c04a1298a469f81.json", "JSON", 0, 0, 0, 0, 180, 0, 0, 0, 0, 0, 0, 0, 0, 0, 0, 0, 0, 0, 0, 0, 0, 1, 181
"/home/lennart-k-hler/projects/dolphin/build/.cmake/api/v1/reply/target-implot3d_lib-Debug-da9ce58c0a1223c6f687.json", "JSON", 0, 0, 0, 0, 162, 0, 0, 0, 0, 0, 0, 0, 0, 0, 0, 0, 0, 0, 0, 0, 0, 1, 163
"/home/lennart-k-hler/projects/dolphin/build/.cmake/api/v1/reply/target-tiff_generation_test-Debug-0775a0ff57b58f2d95bb.json", "JSON", 0, 0, 0, 0, 420, 0, 0, 0, 0, 0, 0, 0, 0, 0, 0, 0, 0, 0, 0, 0, 0, 1, 421
"/home/lennart-k-hler/projects/dolphin/build/.cmake/api/v1/reply/toolchains-v1-3e6b74f09b0469a92cc0.json", "JSON", 0, 0, 0, 0, 160, 0, 0, 0, 0, 0, 0, 0, 0, 0, 0, 0, 0, 0, 0, 0, 0, 1, 161
"/home/lennart-k-hler/projects/dolphin/build/CMakeCache.txt", "CMake Cache", 0, 0, 0, 0, 0, 0, 0, 0, 0, 0, 0, 0, 0, 0, 0, 0, 0, 897, 0, 0, 0, 197, 1094
"/home/lennart-k-hler/projects/dolphin/build/CMakeFiles/3.28.3/CMakeCCompiler.cmake", "CMake", 0, 0, 0, 0, 0, 0, 0, 57, 0, 0, 0, 0, 0, 0, 0, 0, 0, 0, 0, 0, 0, 18, 75
"/home/lennart-k-hler/projects/dolphin/build/CMakeFiles/3.28.3/CMakeCUDACompiler.cmake", "CMake", 0, 0, 0, 0, 0, 0, 0, 60, 0, 0, 0, 0, 0, 0, 0, 0, 0, 0, 0, 0, 0, 17, 77
"/home/lennart-k-hler/projects/dolphin/build/CMakeFiles/3.28.3/CMakeCXXCompiler.cmake", "CMake", 0, 0, 0, 0, 0, 0, 0, 66, 0, 0, 0, 0, 0, 0, 0, 0, 0, 0, 0, 0, 0, 20, 86
"/home/lennart-k-hler/projects/dolphin/build/CMakeFiles/3.28.3/CMakeSystem.cmake", "CMake", 0, 0, 0, 0, 0, 0, 0, 10, 0, 0, 0, 0, 0, 0, 0, 0, 0, 0, 0, 0, 0, 6, 16
"/home/lennart-k-hler/projects/dolphin/build/CMakeFiles/3.28.3/CompilerIdC/CMakeCCompilerId.c", "C", 0, 0, 0, 0, 0, 0, 0, 0, 0, 0, 0, 0, 0, 0, 670, 0, 0, 0, 0, 0, 61, 150, 881
"/home/lennart-k-hler/projects/dolphin/build/CMakeFiles/3.28.3/CompilerIdCUDA/CMakeCUDACompilerId.cu", "CUDA C++", 0, 0, 0, 0, 0, 0, 0, 0, 0, 0, 0, 0, 0, 337, 0, 0, 0, 0, 0, 0, 28, 104, 469
"/home/lennart-k-hler/projects/dolphin/build/CMakeFiles/3.28.3/CompilerIdCUDA/tmp/CMakeCUDACompilerId.cpp1.ii", "C++", 0, 0, 0, 24059, 0, 0, 0, 0, 0, 0, 0, 0, 0, 0, 0, 0, 0, 0, 0, 0, 0, 11903, 35962
"/home/lennart-k-hler/projects/dolphin/build/CMakeFiles/3.28.3/CompilerIdCUDA/tmp/CMakeCUDACompilerId.cpp4.ii", "C++", 0, 0, 0, 22235, 0, 0, 0, 0, 0, 0, 0, 0, 0, 0, 0, 0, 0, 0, 0, 0, 0, 11079, 33314
"/home/lennart-k-hler/projects/dolphin/build/CMakeFiles/3.28.3/CompilerIdCUDA/tmp/CMakeCUDACompilerId.cudafe1.c", "C", 0, 0, 0, 0, 0, 0, 0, 0, 0, 0, 0, 0, 0, 0, 27, 0, 0, 0, 0, 0, 0, 9, 36
"/home/lennart-k-hler/projects/dolphin/build/CMakeFiles/3.28.3/CompilerIdCUDA/tmp/CMakeCUDACompilerId.cudafe1.cpp", "C++", 0, 0, 0, 36473, 0, 0, 0, 0, 0, 0, 0, 0, 0, 0, 0, 0, 0, 0, 0, 0, 0, 266, 36739
"/home/lennart-k-hler/projects/dolphin/build/CMakeFiles/3.28.3/CompilerIdCUDA/tmp/CMakeCUDACompilerId.cudafe1.stub.c", "C", 0, 0, 0, 0, 0, 0, 0, 0, 0, 0, 0, 0, 0, 0, 14, 0, 0, 0, 0, 0, 0, 2, 16
"/home/lennart-k-hler/projects/dolphin/build/CMakeFiles/3.28.3/CompilerIdCUDA/tmp/CMakeCUDACompilerId.fatbin.c", "C", 0, 0, 0, 0, 0, 0, 0, 0, 0, 0, 0, 0, 0, 0, 78, 0, 0, 0, 0, 0, 0, 1, 79
"/home/lennart-k-hler/projects/dolphin/build/CMakeFiles/3.28.3/CompilerIdCUDA/tmp/a_dlink.fatbin.c", "C", 0, 0, 0, 0, 0, 0, 0, 0, 0, 0, 0, 0, 0, 0, 73, 0, 0, 0, 0, 0, 0, 1, 74
"/home/lennart-k-hler/projects/dolphin/build/CMakeFiles/3.28.3/CompilerIdCUDA/tmp/a_dlink.reg.c", "C", 0, 0, 0, 0, 0, 0, 0, 0, 0, 0, 0, 0, 0, 0, 1, 0, 0, 0, 0, 0, 0, 1, 2
"/home/lennart-k-hler/projects/dolphin/build/CMakeFiles/3.28.3/CompilerIdCXX/CMakeCXXCompilerId.cpp", "C++", 0, 0, 0, 659, 0, 0, 0, 0, 0, 0, 0, 0, 0, 0, 0, 0, 0, 0, 0, 0, 63, 148, 870
"/home/lennart-k-hler/projects/dolphin/build/CMakeFiles/CMakeConfigureLog.yaml", "YAML", 0, 0, 0, 0, 0, 0, 0, 0, 1570, 0, 0, 0, 0, 0, 0, 0, 0, 0, 0, 0, 62, 66, 1698
"/home/lennart-k-hler/projects/dolphin/build/CMakeFiles/CMakeDirectoryInformation.cmake", "CMake", 0, 0, 0, 0, 0, 0, 0, 12, 0, 0, 0, 0, 0, 0, 0, 0, 0, 0, 0, 0, 0, 5, 17
"/home/lennart-k-hler/projects/dolphin/build/CMakeFiles/Makefile.cmake", "CMake", 0, 0, 0, 0, 0, 0, 0, 93, 0, 0, 0, 0, 0, 0, 0, 0, 0, 0, 0, 0, 0, 6, 99
"/home/lennart-k-hler/projects/dolphin/build/CMakeFiles/backendlib.dir/DependInfo.cmake", "CMake", 0, 0, 0, 0, 0, 0, 0, 17, 0, 0, 0, 0, 0, 0, 0, 0, 0, 0, 0, 0, 0, 7, 24
"/home/lennart-k-hler/projects/dolphin/build/CMakeFiles/backendlib.dir/cmake_clean.cmake", "CMake", 0, 0, 0, 0, 0, 0, 0, 10, 0, 0, 0, 0, 0, 0, 0, 0, 0, 0, 0, 0, 0, 2, 12
"/home/lennart-k-hler/projects/dolphin/build/CMakeFiles/backendlib.dir/cmake_clean_target.cmake", "CMake", 0, 0, 0, 0, 0, 0, 0, 3, 0, 0, 0, 0, 0, 0, 0, 0, 0, 0, 0, 0, 0, 1, 4
"/home/lennart-k-hler/projects/dolphin/build/CMakeFiles/backendlib.dir/compiler_depend.ts", "TypeScript", 0, 0, 0, 0, 0, 0, 0, 0, 0, 0, 2, 0, 0, 0, 0, 0, 0, 0, 0, 0, 0, 1, 3
"/home/lennart-k-hler/projects/dolphin/build/CMakeFiles/dolphin.dir/DependInfo.cmake", "CMake", 0, 0, 0, 0, 0, 0, 0, 17, 0, 0, 0, 0, 0, 0, 0, 0, 0, 0, 0, 0, 0, 7, 24
"/home/lennart-k-hler/projects/dolphin/build/CMakeFiles/dolphin.dir/cmake_clean.cmake", "CMake", 0, 0, 0, 0, 0, 0, 0, 10, 0, 0, 0, 0, 0, 0, 0, 0, 0, 0, 0, 0, 0, 2, 12
"/home/lennart-k-hler/projects/dolphin/build/CMakeFiles/dolphin.dir/compiler_depend.ts", "TypeScript", 0, 0, 0, 0, 0, 0, 0, 0, 0, 0, 2, 0, 0, 0, 0, 0, 0, 0, 0, 0, 0, 1, 3
"/home/lennart-k-hler/projects/dolphin/build/CMakeFiles/dolphinlib.dir/DependInfo.cmake", "CMake", 0, 0, 0, 0, 0, 0, 0, 66, 0, 0, 0, 0, 0, 0, 0, 0, 0, 0, 0, 0, 0, 7, 73
"/home/lennart-k-hler/projects/dolphin/build/CMakeFiles/dolphinlib.dir/cmake_clean.cmake", "CMake", 0, 0, 0, 0, 0, 0, 0, 108, 0, 0, 0, 0, 0, 0, 0, 0, 0, 0, 0, 0, 0, 2, 110
"/home/lennart-k-hler/projects/dolphin/build/CMakeFiles/dolphinlib.dir/cmake_clean_target.cmake", "CMake", 0, 0, 0, 0, 0, 0, 0, 3, 0, 0, 0, 0, 0, 0, 0, 0, 0, 0, 0, 0, 0, 1, 4
"/home/lennart-k-hler/projects/dolphin/build/CMakeFiles/dolphinlib.dir/compiler_depend.ts", "TypeScript", 0, 0, 0, 0, 0, 0, 0, 0, 0, 0, 2, 0, 0, 0, 0, 0, 0, 0, 0, 0, 0, 1, 3
"/home/lennart-k-hler/projects/dolphin/build/CMakeFiles/imgui_lib.dir/DependInfo.cmake", "CMake", 0, 0, 0, 0, 0, 0, 0, 23, 0, 0, 0, 0, 0, 0, 0, 0, 0, 0, 0, 0, 0, 7, 30
"/home/lennart-k-hler/projects/dolphin/build/CMakeFiles/imgui_lib.dir/cmake_clean.cmake", "CMake", 0, 0, 0, 0, 0, 0, 0, 22, 0, 0, 0, 0, 0, 0, 0, 0, 0, 0, 0, 0, 0, 2, 24
"/home/lennart-k-hler/projects/dolphin/build/CMakeFiles/imgui_lib.dir/cmake_clean_target.cmake", "CMake", 0, 0, 0, 0, 0, 0, 0, 3, 0, 0, 0, 0, 0, 0, 0, 0, 0, 0, 0, 0, 0, 1, 4
"/home/lennart-k-hler/projects/dolphin/build/CMakeFiles/imgui_lib.dir/compiler_depend.ts", "TypeScript", 0, 0, 0, 0, 0, 0, 0, 0, 0, 0, 2, 0, 0, 0, 0, 0, 0, 0, 0, 0, 0, 1, 3
"/home/lennart-k-hler/projects/dolphin/build/CMakeFiles/implot3d_lib.dir/DependInfo.cmake", "CMake", 0, 0, 0, 0, 0, 0, 0, 18, 0, 0, 0, 0, 0, 0, 0, 0, 0, 0, 0, 0, 0, 7, 25
"/home/lennart-k-hler/projects/dolphin/build/CMakeFiles/implot3d_lib.dir/cmake_clean.cmake", "CMake", 0, 0, 0, 0, 0, 0, 0, 12, 0, 0, 0, 0, 0, 0, 0, 0, 0, 0, 0, 0, 0, 2, 14
"/home/lennart-k-hler/projects/dolphin/build/CMakeFiles/implot3d_lib.dir/cmake_clean_target.cmake", "CMake", 0, 0, 0, 0, 0, 0, 0, 3, 0, 0, 0, 0, 0, 0, 0, 0, 0, 0, 0, 0, 0, 1, 4
"/home/lennart-k-hler/projects/dolphin/build/CMakeFiles/implot3d_lib.dir/compiler_depend.ts", "TypeScript", 0, 0, 0, 0, 0, 0, 0, 0, 0, 0, 2, 0, 0, 0, 0, 0, 0, 0, 0, 0, 0, 1, 3
"/home/lennart-k-hler/projects/dolphin/build/CTestTestfile.cmake", "CMake", 0, 0, 0, 0, 0, 0, 0, 9, 0, 0, 0, 0, 0, 0, 0, 0, 0, 0, 0, 0, 0, 1, 10
"/home/lennart-k-hler/projects/dolphin/build/Makefile", "Makefile", 0, 0, 0, 0, 0, 1265, 0, 0, 0, 0, 0, 0, 0, 0, 0, 0, 0, 0, 0, 0, 282, 448, 1995
"/home/lennart-k-hler/projects/dolphin/build/Testing/20251121-1437/Test.xml", "XML", 0, 0, 0, 0, 0, 0, 34, 0, 0, 0, 0, 0, 0, 0, 0, 0, 0, 0, 0, 0, 0, 1, 35
"/home/lennart-k-hler/projects/dolphin/build/Testing/20251124-0840/Test.xml", "XML", 0, 0, 0, 0, 0, 0, 34, 0, 0, 0, 0, 0, 0, 0, 0, 0, 0, 0, 0, 0, 0, 1, 35
"/home/lennart-k-hler/projects/dolphin/build/Testing/20251125-1037/Test.xml", "XML", 0, 0, 0, 0, 0, 0, 34, 0, 0, 0, 0, 0, 0, 0, 0, 0, 0, 0, 0, 0, 0, 1, 35
"/home/lennart-k-hler/projects/dolphin/build/Testing/20251126-0902/Test.xml", "XML", 0, 0, 0, 0, 0, 0, 34, 0, 0, 0, 0, 0, 0, 0, 0, 0, 0, 0, 0, 0, 0, 1, 35
"/home/lennart-k-hler/projects/dolphin/build/Testing/20251127-1040/Test.xml", "XML", 0, 0, 0, 0, 0, 0, 34, 0, 0, 0, 0, 0, 0, 0, 0, 0, 0, 0, 0, 0, 0, 1, 35
"/home/lennart-k-hler/projects/dolphin/build/Testing/20251128-0854/Test.xml", "XML", 0, 0, 0, 0, 0, 0, 34, 0, 0, 0, 0, 0, 0, 0, 0, 0, 0, 0, 0, 0, 0, 1, 35
"/home/lennart-k-hler/projects/dolphin/build/Testing/20251201-0849/Test.xml", "XML", 0, 0, 0, 0, 0, 0, 34, 0, 0, 0, 0, 0, 0, 0, 0, 0, 0, 0, 0, 0, 0, 1, 35
"/home/lennart-k-hler/projects/dolphin/build/Testing/20251205-0847/Test.xml", "XML", 0, 0, 0, 0, 0, 0, 34, 0, 0, 0, 0, 0, 0, 0, 0, 0, 0, 0, 0, 0, 0, 1, 35
"/home/lennart-k-hler/projects/dolphin/build/Testing/20251208-1054/Test.xml", "XML", 0, 0, 0, 0, 0, 0, 34, 0, 0, 0, 0, 0, 0, 0, 0, 0, 0, 0, 0, 0, 0, 1, 35
"/home/lennart-k-hler/projects/dolphin/build/Testing/20251209-0838/Test.xml", "XML", 0, 0, 0, 0, 0, 0, 34, 0, 0, 0, 0, 0, 0, 0, 0, 0, 0, 0, 0, 0, 0, 1, 35
"/home/lennart-k-hler/projects/dolphin/build/Testing/20251210-0851/Test.xml", "XML", 0, 0, 0, 0, 0, 0, 34, 0, 0, 0, 0, 0, 0, 0, 0, 0, 0, 0, 0, 0, 0, 1, 35
"/home/lennart-k-hler/projects/dolphin/build/Testing/Temporary/LastTest_20251121-1437.log", "Log", 0, 0, 3, 0, 0, 0, 0, 0, 0, 0, 0, 0, 0, 0, 0, 0, 0, 0, 0, 0, 0, 1, 4
"/home/lennart-k-hler/projects/dolphin/build/Testing/Temporary/LastTest_20251124-0840.log", "Log", 0, 0, 3, 0, 0, 0, 0, 0, 0, 0, 0, 0, 0, 0, 0, 0, 0, 0, 0, 0, 0, 1, 4
"/home/lennart-k-hler/projects/dolphin/build/Testing/Temporary/LastTest_20251125-1037.log", "Log", 0, 0, 3, 0, 0, 0, 0, 0, 0, 0, 0, 0, 0, 0, 0, 0, 0, 0, 0, 0, 0, 1, 4
"/home/lennart-k-hler/projects/dolphin/build/Testing/Temporary/LastTest_20251126-0902.log", "Log", 0, 0, 3, 0, 0, 0, 0, 0, 0, 0, 0, 0, 0, 0, 0, 0, 0, 0, 0, 0, 0, 1, 4
"/home/lennart-k-hler/projects/dolphin/build/Testing/Temporary/LastTest_20251127-1040.log", "Log", 0, 0, 3, 0, 0, 0, 0, 0, 0, 0, 0, 0, 0, 0, 0, 0, 0, 0, 0, 0, 0, 1, 4
"/home/lennart-k-hler/projects/dolphin/build/Testing/Temporary/LastTest_20251128-0854.log", "Log", 0, 0, 3, 0, 0, 0, 0, 0, 0, 0, 0, 0, 0, 0, 0, 0, 0, 0, 0, 0, 0, 1, 4
"/home/lennart-k-hler/projects/dolphin/build/Testing/Temporary/LastTest_20251201-0849.log", "Log", 0, 0, 3, 0, 0, 0, 0, 0, 0, 0, 0, 0, 0, 0, 0, 0, 0, 0, 0, 0, 0, 1, 4
"/home/lennart-k-hler/projects/dolphin/build/Testing/Temporary/LastTest_20251205-0847.log", "Log", 0, 0, 3, 0, 0, 0, 0, 0, 0, 0, 0, 0, 0, 0, 0, 0, 0, 0, 0, 0, 0, 1, 4
"/home/lennart-k-hler/projects/dolphin/build/Testing/Temporary/LastTest_20251208-1054.log", "Log", 0, 0, 3, 0, 0, 0, 0, 0, 0, 0, 0, 0, 0, 0, 0, 0, 0, 0, 0, 0, 0, 1, 4
"/home/lennart-k-hler/projects/dolphin/build/Testing/Temporary/LastTest_20251209-0838.log", "Log", 0, 0, 3, 0, 0, 0, 0, 0, 0, 0, 0, 0, 0, 0, 0, 0, 0, 0, 0, 0, 0, 1, 4
"/home/lennart-k-hler/projects/dolphin/build/Testing/Temporary/LastTest_20251210-0851.log", "Log", 0, 0, 3, 0, 0, 0, 0, 0, 0, 0, 0, 0, 0, 0, 0, 0, 0, 0, 0, 0, 0, 1, 4
"/home/lennart-k-hler/projects/dolphin/build/backends/cpu/CMakeFiles/CMakeDirectoryInformation.cmake", "CMake", 0, 0, 0, 0, 0, 0, 0, 12, 0, 0, 0, 0, 0, 0, 0, 0, 0, 0, 0, 0, 0, 5, 17
"/home/lennart-k-hler/projects/dolphin/build/backends/cpu/CMakeFiles/cpu_backend.dir/DependInfo.cmake", "CMake", 0, 0, 0, 0, 0, 0, 0, 17, 0, 0, 0, 0, 0, 0, 0, 0, 0, 0, 0, 0, 0, 7, 24
"/home/lennart-k-hler/projects/dolphin/build/backends/cpu/CMakeFiles/cpu_backend.dir/cmake_clean.cmake", "CMake", 0, 0, 0, 0, 0, 0, 0, 10, 0, 0, 0, 0, 0, 0, 0, 0, 0, 0, 0, 0, 0, 2, 12
"/home/lennart-k-hler/projects/dolphin/build/backends/cpu/CMakeFiles/cpu_backend.dir/compiler_depend.ts", "TypeScript", 0, 0, 0, 0, 0, 0, 0, 0, 0, 0, 2, 0, 0, 0, 0, 0, 0, 0, 0, 0, 0, 1, 3
"/home/lennart-k-hler/projects/dolphin/build/backends/cpu/Makefile", "Makefile", 0, 0, 0, 0, 0, 96, 0, 0, 0, 0, 0, 0, 0, 0, 0, 0, 0, 0, 0, 0, 49, 49, 194
"/home/lennart-k-hler/projects/dolphin/build/backends/cpu/cmake_install.cmake", "CMake", 0, 0, 0, 0, 0, 0, 0, 37, 0, 0, 0, 0, 0, 0, 0, 0, 0, 0, 0, 0, 0, 8, 45
"/home/lennart-k-hler/projects/dolphin/build/backends/cuda/CMakeFiles/CMakeDirectoryInformation.cmake", "CMake", 0, 0, 0, 0, 0, 0, 0, 12, 0, 0, 0, 0, 0, 0, 0, 0, 0, 0, 0, 0, 0, 5, 17
"/home/lennart-k-hler/projects/dolphin/build/backends/cuda/CMakeFiles/cuda_backend.dir/DependInfo.cmake", "CMake", 0, 0, 0, 0, 0, 0, 0, 18, 0, 0, 0, 0, 0, 0, 0, 0, 0, 0, 0, 0, 0, 7, 25
"/home/lennart-k-hler/projects/dolphin/build/backends/cuda/CMakeFiles/cuda_backend.dir/cmake_clean.cmake", "CMake", 0, 0, 0, 0, 0, 0, 0, 12, 0, 0, 0, 0, 0, 0, 0, 0, 0, 0, 0, 0, 0, 2, 14
"/home/lennart-k-hler/projects/dolphin/build/backends/cuda/CMakeFiles/cuda_backend.dir/compiler_depend.ts", "TypeScript", 0, 0, 0, 0, 0, 0, 0, 0, 0, 0, 2, 0, 0, 0, 0, 0, 0, 0, 0, 0, 0, 1, 3
"/home/lennart-k-hler/projects/dolphin/build/backends/cuda/Makefile", "Makefile", 0, 0, 0, 0, 0, 114, 0, 0, 0, 0, 0, 0, 0, 0, 0, 0, 0, 0, 0, 0, 52, 55, 221
"/home/lennart-k-hler/projects/dolphin/build/backends/cuda/cmake_install.cmake", "CMake", 0, 0, 0, 0, 0, 0, 0, 41, 0, 0, 0, 0, 0, 0, 0, 0, 0, 0, 0, 0, 0, 10, 51
"/home/lennart-k-hler/projects/dolphin/build/cmake_install.cmake", "CMake", 0, 0, 0, 0, 0, 0, 0, 52, 0, 0, 0, 0, 0, 0, 0, 0, 0, 0, 0, 0, 0, 11, 63
"/home/lennart-k-hler/projects/dolphin/build/compile_commands.json", "JSON", 0, 0, 0, 0, 458, 0, 0, 0, 0, 0, 0, 0, 0, 0, 0, 0, 0, 0, 0, 0, 0, 0, 458
"/home/lennart-k-hler/projects/dolphin/build/cube/build/CMakeFiles/CMakeDirectoryInformation.cmake", "CMake", 0, 0, 0, 0, 0, 0, 0, 12, 0, 0, 0, 0, 0, 0, 0, 0, 0, 0, 0, 0, 0, 5, 17
"/home/lennart-k-hler/projects/dolphin/build/cube/build/CMakeFiles/CUBE.dir/DependInfo.cmake", "CMake", 0, 0, 0, 0, 0, 0, 0, 21, 0, 0, 0, 0, 0, 0, 0, 0, 0, 0, 0, 0, 0, 7, 28
"/home/lennart-k-hler/projects/dolphin/build/cube/build/CMakeFiles/CUBE.dir/cmake_clean.cmake", "CMake", 0, 0, 0, 0, 0, 0, 0, 18, 0, 0, 0, 0, 0, 0, 0, 0, 0, 0, 0, 0, 0, 2, 20
"/home/lennart-k-hler/projects/dolphin/build/cube/build/CMakeFiles/CUBE.dir/compiler_depend.ts", "TypeScript", 0, 0, 0, 0, 0, 0, 0, 0, 0, 0, 2, 0, 0, 0, 0, 0, 0, 0, 0, 0, 0, 1, 3
"/home/lennart-k-hler/projects/dolphin/build/cube/build/Makefile", "Makefile", 0, 0, 0, 0, 0, 168, 0, 0, 0, 0, 0, 0, 0, 0, 0, 0, 0, 0, 0, 0, 61, 73, 302
"/home/lennart-k-hler/projects/dolphin/build/cube/build/cmake_install.cmake", "CMake", 0, 0, 0, 0, 0, 0, 0, 37, 0, 0, 0, 0, 0, 0, 0, 0, 0, 0, 0, 0, 0, 8, 45
"/home/lennart-k-hler/projects/dolphin/build/imgui.ini", "Ini", 15, 0, 0, 0, 0, 0, 0, 0, 0, 0, 0, 0, 0, 0, 0, 0, 0, 0, 0, 0, 0, 6, 21
"/home/lennart-k-hler/projects/dolphin/build/tests/CMakeFiles/CMakeDirectoryInformation.cmake", "CMake", 0, 0, 0, 0, 0, 0, 0, 12, 0, 0, 0, 0, 0, 0, 0, 0, 0, 0, 0, 0, 0, 5, 17
"/home/lennart-k-hler/projects/dolphin/build/tests/CMakeFiles/cufft_vs_fftw_comparison.dir/DependInfo.cmake", "CMake", 0, 0, 0, 0, 0, 0, 0, 17, 0, 0, 0, 0, 0, 0, 0, 0, 0, 0, 0, 0, 0, 7, 24
"/home/lennart-k-hler/projects/dolphin/build/tests/CMakeFiles/cufft_vs_fftw_comparison.dir/cmake_clean.cmake", "CMake", 0, 0, 0, 0, 0, 0, 0, 10, 0, 0, 0, 0, 0, 0, 0, 0, 0, 0, 0, 0, 0, 2, 12
"/home/lennart-k-hler/projects/dolphin/build/tests/CMakeFiles/cufft_vs_fftw_comparison.dir/compiler_depend.ts", "TypeScript", 0, 0, 0, 0, 0, 0, 0, 0, 0, 0, 2, 0, 0, 0, 0, 0, 0, 0, 0, 0, 0, 1, 3
"/home/lennart-k-hler/projects/dolphin/build/tests/CMakeFiles/dolphin_tests.dir/DependInfo.cmake", "CMake", 0, 0, 0, 0, 0, 0, 0, 18, 0, 0, 0, 0, 0, 0, 0, 0, 0, 0, 0, 0, 0, 7, 25
"/home/lennart-k-hler/projects/dolphin/build/tests/CMakeFiles/dolphin_tests.dir/cmake_clean.cmake", "CMake", 0, 0, 0, 0, 0, 0, 0, 12, 0, 0, 0, 0, 0, 0, 0, 0, 0, 0, 0, 0, 0, 2, 14
"/home/lennart-k-hler/projects/dolphin/build/tests/CMakeFiles/dolphin_tests.dir/compiler_depend.ts", "TypeScript", 0, 0, 0, 0, 0, 0, 0, 0, 0, 0, 2, 0, 0, 0, 0, 0, 0, 0, 0, 0, 0, 1, 3
"/home/lennart-k-hler/projects/dolphin/build/tests/CMakeFiles/tiff_generation_test.dir/DependInfo.cmake", "CMake", 0, 0, 0, 0, 0, 0, 0, 17, 0, 0, 0, 0, 0, 0, 0, 0, 0, 0, 0, 0, 0, 7, 24
"/home/lennart-k-hler/projects/dolphin/build/tests/CMakeFiles/tiff_generation_test.dir/cmake_clean.cmake", "CMake", 0, 0, 0, 0, 0, 0, 0, 10, 0, 0, 0, 0, 0, 0, 0, 0, 0, 0, 0, 0, 0, 2, 12
"/home/lennart-k-hler/projects/dolphin/build/tests/CMakeFiles/tiff_generation_test.dir/compiler_depend.ts", "TypeScript", 0, 0, 0, 0, 0, 0, 0, 0, 0, 0, 2, 0, 0, 0, 0, 0, 0, 0, 0, 0, 0, 1, 3
"/home/lennart-k-hler/projects/dolphin/build/tests/CTestTestfile.cmake", "CMake", 0, 0, 0, 0, 0, 0, 0, 13, 0, 0, 0, 0, 0, 0, 0, 0, 0, 0, 0, 0, 0, 1, 14
"/home/lennart-k-hler/projects/dolphin/build/tests/Makefile", "Makefile", 0, 0, 0, 0, 0, 153, 0, 0, 0, 0, 0, 0, 0, 0, 0, 0, 0, 0, 0, 0, 61, 67, 281
"/home/lennart-k-hler/projects/dolphin/build/tests/backends/CMakeFiles/CMakeDirectoryInformation.cmake", "CMake", 0, 0, 0, 0, 0, 0, 0, 12, 0, 0, 0, 0, 0, 0, 0, 0, 0, 0, 0, 0, 0, 5, 17
"/home/lennart-k-hler/projects/dolphin/build/tests/backends/CMakeFiles/cpu_test.dir/DependInfo.cmake", "CMake", 0, 0, 0, 0, 0, 0, 0, 17, 0, 0, 0, 0, 0, 0, 0, 0, 0, 0, 0, 0, 0, 7, 24
"/home/lennart-k-hler/projects/dolphin/build/tests/backends/CMakeFiles/cpu_test.dir/cmake_clean.cmake", "CMake", 0, 0, 0, 0, 0, 0, 0, 10, 0, 0, 0, 0, 0, 0, 0, 0, 0, 0, 0, 0, 0, 2, 12
"/home/lennart-k-hler/projects/dolphin/build/tests/backends/CMakeFiles/cpu_test.dir/compiler_depend.ts", "TypeScript", 0, 0, 0, 0, 0, 0, 0, 0, 0, 0, 2, 0, 0, 0, 0, 0, 0, 0, 0, 0, 0, 1, 3
"/home/lennart-k-hler/projects/dolphin/build/tests/backends/CMakeFiles/cuda_test.dir/DependInfo.cmake", "CMake", 0, 0, 0, 0, 0, 0, 0, 17, 0, 0, 0, 0, 0, 0, 0, 0, 0, 0, 0, 0, 0, 7, 24
"/home/lennart-k-hler/projects/dolphin/build/tests/backends/CMakeFiles/cuda_test.dir/cmake_clean.cmake", "CMake", 0, 0, 0, 0, 0, 0, 0, 10, 0, 0, 0, 0, 0, 0, 0, 0, 0, 0, 0, 0, 0, 2, 12
"/home/lennart-k-hler/projects/dolphin/build/tests/backends/CMakeFiles/cuda_test.dir/compiler_depend.ts", "TypeScript", 0, 0, 0, 0, 0, 0, 0, 0, 0, 0, 2, 0, 0, 0, 0, 0, 0, 0, 0, 0, 0, 1, 3
"/home/lennart-k-hler/projects/dolphin/build/tests/backends/CMakeFiles/fft_performance_test.dir/DependInfo.cmake", "CMake", 0, 0, 0, 0, 0, 0, 0, 17, 0, 0, 0, 0, 0, 0, 0, 0, 0, 0, 0, 0, 0, 7, 24
"/home/lennart-k-hler/projects/dolphin/build/tests/backends/CMakeFiles/fft_performance_test.dir/cmake_clean.cmake", "CMake", 0, 0, 0, 0, 0, 0, 0, 10, 0, 0, 0, 0, 0, 0, 0, 0, 0, 0, 0, 0, 0, 2, 12
"/home/lennart-k-hler/projects/dolphin/build/tests/backends/CMakeFiles/fft_performance_test.dir/compiler_depend.ts", "TypeScript", 0, 0, 0, 0, 0, 0, 0, 0, 0, 0, 2, 0, 0, 0, 0, 0, 0, 0, 0, 0, 0, 1, 3
"/home/lennart-k-hler/projects/dolphin/build/tests/backends/CTestTestfile.cmake", "CMake", 0, 0, 0, 0, 0, 0, 0, 12, 0, 0, 0, 0, 0, 0, 0, 0, 0, 0, 0, 0, 0, 1, 13
"/home/lennart-k-hler/projects/dolphin/build/tests/backends/Makefile", "Makefile", 0, 0, 0, 0, 0, 150, 0, 0, 0, 0, 0, 0, 0, 0, 0, 0, 0, 0, 0, 0, 61, 67, 278
"/home/lennart-k-hler/projects/dolphin/build/tests/backends/cmake_install.cmake", "CMake", 0, 0, 0, 0, 0, 0, 0, 37, 0, 0, 0, 0, 0, 0, 0, 0, 0, 0, 0, 0, 0, 8, 45
"/home/lennart-k-hler/projects/dolphin/build/tests/cmake_install.cmake", "CMake", 0, 0, 0, 0, 0, 0, 0, 41, 0, 0, 0, 0, 0, 0, 0, 0, 0, 0, 0, 0, 0, 10, 51
"/home/lennart-k-hler/projects/dolphin/configs/README.md", "Markdown", 0, 117, 0, 0, 0, 0, 0, 0, 0, 0, 0, 0, 0, 0, 0, 0, 0, 0, 0, 0, 0, 35, 152
"/home/lennart-k-hler/projects/dolphin/configs/default_config.json", "JSON", 0, 0, 0, 0, 33, 0, 0, 0, 0, 0, 0, 0, 0, 0, 0, 0, 0, 0, 0, 0, 0, 7, 40
"/home/lennart-k-hler/projects/dolphin/configs/default_psf_config_gaussian.json", "JSON", 0, 0, 0, 0, 12, 0, 0, 0, 0, 0, 0, 0, 0, 0, 0, 0, 0, 0, 0, 0, 0, 1, 13
"/home/lennart-k-hler/projects/dolphin/configs/default_psf_config_gibsonlanni.json", "JSON", 0, 0, 0, 0, 25, 0, 0, 0, 0, 0, 0, 0, 0, 0, 0, 0, 0, 0, 0, 0, 0, 0, 25
"/home/lennart-k-hler/projects/dolphin/docs/API_REFERENCE.md", "Markdown", 0, 688, 0, 0, 0, 0, 0, 0, 0, 0, 0, 0, 0, 0, 0, 0, 0, 0, 0, 0, 0, 167, 855
"/home/lennart-k-hler/projects/dolphin/docs/CPU_GPU_ARCHITECTURE.md", "Markdown", 0, 1378, 0, 0, 0, 0, 0, 0, 0, 0, 0, 0, 0, 0, 0, 0, 0, 0, 0, 0, 0, 315, 1693
"/home/lennart-k-hler/projects/dolphin/docs/MIGRATION_GUIDE.md", "Markdown", 0, 1716, 0, 0, 0, 0, 0, 0, 0, 0, 0, 0, 0, 0, 0, 0, 0, 0, 0, 0, 0, 420, 2136
"/home/lennart-k-hler/projects/dolphin/docs/PERFORMANCE_BEST_PRACTICES.md", "Markdown", 0, 2104, 0, 0, 0, 0, 0, 0, 0, 0, 0, 0, 0, 0, 0, 0, 0, 0, 0, 0, 0, 468, 2572
"/home/lennart-k-hler/projects/dolphin/docs/TROUBLESHOOTING_GUIDE.md", "Markdown", 0, 2524, 0, 0, 0, 0, 0, 0, 0, 0, 0, 0, 0, 0, 0, 0, 0, 0, 0, 0, 0, 624, 3148
"/home/lennart-k-hler/projects/dolphin/docs/USAGE_EXAMPLES.md", "Markdown", 0, 2200, 0, 0, 0, 0, 0, 0, 0, 0, 0, 0, 0, 0, 0, 0, 0, 0, 0, 0, 0, 549, 2749
"/home/lennart-k-hler/projects/dolphin/grid_vis/vis_grid.py", "Python", 0, 0, 0, 0, 0, 0, 0, 0, 0, 0, 0, 0, 0, 0, 0, 0, 0, 0, 48, 0, 10, 16, 74
"/home/lennart-k-hler/projects/dolphin/imgui.ini", "Ini", 48, 0, 0, 0, 0, 0, 0, 0, 0, 0, 0, 0, 0, 0, 0, 0, 0, 0, 0, 0, 0, 17, 65
"/home/lennart-k-hler/projects/dolphin/include/Channel.h", "C++", 0, 0, 0, 9, 0, 0, 0, 0, 0, 0, 0, 0, 0, 0, 0, 0, 0, 0, 0, 0, 12, 3, 24
"/home/lennart-k-hler/projects/dolphin/include/Config.h", "C++", 0, 0, 0, 110, 0, 0, 0, 0, 0, 0, 0, 0, 0, 0, 0, 0, 0, 0, 0, 0, 18, 31, 159
"/home/lennart-k-hler/projects/dolphin/include/DeconvolutionService.h", "C++", 0, 0, 0, 51, 0, 0, 0, 0, 0, 0, 0, 0, 0, 0, 0, 0, 0, 0, 0, 0, 30, 27, 108
"/home/lennart-k-hler/projects/dolphin/include/DeconvolutionStrategyFactory.h", "C++", 0, 0, 0, 24, 0, 0, 0, 0, 0, 0, 0, 0, 0, 0, 0, 0, 0, 0, 0, 0, 37, 14, 75
"/home/lennart-k-hler/projects/dolphin/include/Dolphin.h", "C++", 0, 0, 0, 24, 0, 0, 0, 0, 0, 0, 0, 0, 0, 0, 0, 0, 0, 0, 0, 0, 18, 15, 57
"/home/lennart-k-hler/projects/dolphin/include/HelperClasses.h", "C++", 0, 0, 0, 108, 0, 0, 0, 0, 0, 0, 0, 0, 0, 0, 0, 0, 0, 0, 0, 0, 3, 14, 125
"/home/lennart-k-hler/projects/dolphin/include/HyperstackImage.h", "C++", 0, 0, 0, 23, 0, 0, 0, 0, 0, 0, 0, 0, 0, 0, 0, 0, 0, 0, 0, 0, 14, 13, 50
"/home/lennart-k-hler/projects/dolphin/include/IO/TiffReader.h", "C++", 0, 0, 0, 49, 0, 0, 0, 0, 0, 0, 0, 0, 0, 0, 0, 0, 0, 0, 0, 0, 20, 14, 83
"/home/lennart-k-hler/projects/dolphin/include/IO/TiffWriter.h", "C++", 0, 0, 0, 5, 0, 0, 0, 0, 0, 0, 0, 0, 0, 0, 0, 0, 0, 0, 0, 0, 0, 3, 8
"/home/lennart-k-hler/projects/dolphin/include/Image3D.h", "C++", 0, 0, 0, 34, 0, 0, 0, 0, 0, 0, 0, 0, 0, 0, 0, 0, 0, 0, 0, 0, 15, 11, 60
"/home/lennart-k-hler/projects/dolphin/include/ImageMetaData.h", "C++", 0, 0, 0, 21, 0, 0, 0, 0, 0, 0, 0, 0, 0, 0, 0, 0, 0, 0, 0, 0, 13, 8, 42
"/home/lennart-k-hler/projects/dolphin/include/NumericalIntegrator.h", "C++", 0, 0, 0, 17, 0, 0, 0, 0, 0, 0, 0, 0, 0, 0, 0, 0, 0, 0, 0, 0, 16, 10, 43
"/home/lennart-k-hler/projects/dolphin/include/PSFCreator.h", "C++", 0, 0, 0, 16, 0, 0, 0, 0, 0, 0, 0, 0, 0, 0, 0, 0, 0, 0, 0, 0, 15, 9, 40
"/home/lennart-k-hler/projects/dolphin/include/PSFGenerationService.h", "C++", 0, 0, 0, 49, 0, 0, 0, 0, 0, 0, 0, 0, 0, 0, 0, 0, 0, 0, 0, 0, 18, 20, 87
"/home/lennart-k-hler/projects/dolphin/include/ServiceAbstractions.h", "C++", 0, 0, 0, 136, 0, 0, 0, 0, 0, 0, 0, 0, 0, 0, 0, 0, 0, 0, 0, 0, 24, 47, 207
"/home/lennart-k-hler/projects/dolphin/include/ServiceFactory.h", "C++", 0, 0, 0, 22, 0, 0, 0, 0, 0, 0, 0, 0, 0, 0, 0, 0, 0, 0, 0, 0, 27, 10, 59
"/home/lennart-k-hler/projects/dolphin/include/SimpsonIntegrator.h", "C++", 0, 0, 0, 20, 0, 0, 0, 0, 0, 0, 0, 0, 0, 0, 0, 0, 0, 0, 0, 0, 14, 7, 41
"/home/lennart-k-hler/projects/dolphin/include/ThreadPool.h", "C++", 0, 0, 0, 40, 0, 0, 0, 0, 0, 0, 0, 0, 0, 0, 0, 0, 0, 0, 0, 0, 13, 9, 62
"/home/lennart-k-hler/projects/dolphin/include/UtlGrid.h", "C++", 0, 0, 0, 18, 0, 0, 0, 0, 0, 0, 0, 0, 0, 0, 0, 0, 0, 0, 0, 0, 16, 18, 52
"/home/lennart-k-hler/projects/dolphin/include/UtlIO.h", "C++", 0, 0, 0, 15, 0, 0, 0, 0, 0, 0, 0, 0, 0, 0, 0, 0, 0, 0, 0, 0, 12, 11, 38
"/home/lennart-k-hler/projects/dolphin/include/UtlImage.h", "C++", 0, 0, 0, 10, 0, 0, 0, 0, 0, 0, 0, 0, 0, 0, 0, 0, 0, 0, 0, 0, 15, 6, 31
"/home/lennart-k-hler/projects/dolphin/include/backend/BackendFactory.h", "C++", 0, 0, 0, 33, 0, 0, 0, 0, 0, 0, 0, 0, 0, 0, 0, 0, 0, 0, 0, 0, 13, 16, 62
"/home/lennart-k-hler/projects/dolphin/include/backend/ComplexData.h", "C++", 0, 0, 0, 18, 0, 0, 0, 0, 0, 0, 0, 0, 0, 0, 0, 0, 0, 0, 0, 0, 13, 7, 38
"/home/lennart-k-hler/projects/dolphin/include/backend/Exceptions.h", "C++", 0, 0, 0, 63, 0, 0, 0, 0, 0, 0, 0, 0, 0, 0, 0, 0, 0, 0, 0, 0, 16, 16, 95
"/home/lennart-k-hler/projects/dolphin/include/backend/IBackend.h", "C++", 0, 0, 0, 67, 0, 0, 0, 0, 0, 0, 0, 0, 0, 0, 0, 0, 0, 0, 0, 0, 19, 29, 115
"/home/lennart-k-hler/projects/dolphin/include/backend/IBackendMemoryManager.h", "C++", 0, 0, 0, 59, 0, 0, 0, 0, 0, 0, 0, 0, 0, 0, 0, 0, 0, 0, 0, 0, 24, 18, 101
"/home/lennart-k-hler/projects/dolphin/include/backend/IDeconvolutionBackend.h", "C++", 0, 0, 0, 84, 0, 0, 0, 0, 0, 0, 0, 0, 0, 0, 0, 0, 0, 0, 0, 0, 33, 36, 153
"/home/lennart-k-hler/projects/dolphin/include/deconvolution/DeconvolutionAlgorithmFactory.h", "C++", 0, 0, 0, 28, 0, 0, 0, 0, 0, 0, 0, 0, 0, 0, 0, 0, 0, 0, 0, 0, 48, 13, 89
"/home/lennart-k-hler/projects/dolphin/include/deconvolution/DeconvolutionConfig.h", "C++", 0, 0, 0, 280, 0, 0, 0, 0, 0, 0, 0, 0, 0, 0, 0, 0, 0, 0, 0, 0, 49, 74, 403
"/home/lennart-k-hler/projects/dolphin/include/deconvolution/DeconvolutionProcessor.h", "C++", 0, 0, 0, 26, 0, 0, 0, 0, 0, 0, 0, 0, 0, 0, 0, 0, 0, 0, 0, 0, 12, 10, 48
"/home/lennart-k-hler/projects/dolphin/include/deconvolution/ImageMap.h", "C++", 0, 0, 0, 7, 0, 0, 0, 0, 0, 0, 0, 0, 0, 0, 0, 0, 0, 0, 0, 0, 51, 11, 69
"/home/lennart-k-hler/projects/dolphin/include/deconvolution/Postprocessor.h", "C++", 0, 0, 0, 29, 0, 0, 0, 0, 0, 0, 0, 0, 0, 0, 0, 0, 0, 0, 0, 0, 0, 5, 34
"/home/lennart-k-hler/projects/dolphin/include/deconvolution/Preprocessor.h", "C++", 0, 0, 0, 67, 0, 0, 0, 0, 0, 0, 0, 0, 0, 0, 0, 0, 0, 0, 0, 0, 2, 18, 87
"/home/lennart-k-hler/projects/dolphin/include/deconvolution/algorithms/DeconvolutionAlgorithm.h", "C++", 0, 0, 0, 20, 0, 0, 0, 0, 0, 0, 0, 0, 0, 0, 0, 0, 0, 0, 0, 0, 1, 4, 25
"/home/lennart-k-hler/projects/dolphin/include/deconvolution/algorithms/InverseFilterDeconvolutionAlgorithm.h", "C++", 0, 0, 0, 14, 0, 0, 0, 0, 0, 0, 0, 0, 0, 0, 0, 0, 0, 0, 0, 0, 1, 7, 22
"/home/lennart-k-hler/projects/dolphin/include/deconvolution/algorithms/RLADDeconvolutionAlgorithm.h", "C++", 0, 0, 0, 16, 0, 0, 0, 0, 0, 0, 0, 0, 0, 0, 0, 0, 0, 0, 0, 0, 0, 3, 19
"/home/lennart-k-hler/projects/dolphin/include/deconvolution/algorithms/RLDeconvolutionAlgorithm.h", "C++", 0, 0, 0, 13, 0, 0, 0, 0, 0, 0, 0, 0, 0, 0, 0, 0, 0, 0, 0, 0, 1, 4, 18
"/home/lennart-k-hler/projects/dolphin/include/deconvolution/algorithms/RLTVDeconvolutionAlgorithm.h", "C++", 0, 0, 0, 16, 0, 0, 0, 0, 0, 0, 0, 0, 0, 0, 0, 0, 0, 0, 0, 0, 1, 5, 22
"/home/lennart-k-hler/projects/dolphin/include/deconvolution/algorithms/RegularizedInverseFilterDeconvolutionAlgorithm.h", "C++", 0, 0, 0, 13, 0, 0, 0, 0, 0, 0, 0, 0, 0, 0, 0, 0, 0, 0, 0, 0, 0, 4, 17
"/home/lennart-k-hler/projects/dolphin/include/deconvolution/algorithms/TestAlgorithm.h", "C++", 0, 0, 0, 12, 0, 0, 0, 0, 0, 0, 0, 0, 0, 0, 0, 0, 0, 0, 0, 0, 0, 6, 18
"/home/lennart-k-hler/projects/dolphin/include/deconvolution/deconvolutionStrategies/ComputationalPlan.h", "C++", 0, 0, 0, 167, 0, 0, 0, 0, 0, 0, 0, 0, 0, 0, 0, 0, 0, 0, 0, 0, 14, 44, 225
"/home/lennart-k-hler/projects/dolphin/include/deconvolution/deconvolutionStrategies/IDeconvolutionExecutor.h", "C++", 0, 0, 0, 12, 0, 0, 0, 0, 0, 0, 0, 0, 0, 0, 0, 0, 0, 0, 0, 0, 2, 3, 17
"/home/lennart-k-hler/projects/dolphin/include/deconvolution/deconvolutionStrategies/IDeconvolutionStrategy.h", "C++", 0, 0, 0, 14, 0, 0, 0, 0, 0, 0, 0, 0, 0, 0, 0, 0, 0, 0, 0, 0, 1, 4, 19
"/home/lennart-k-hler/projects/dolphin/include/deconvolution/deconvolutionStrategies/LabeledDeconvolutionExecutor.h", "C++", 0, 0, 0, 53, 0, 0, 0, 0, 0, 0, 0, 0, 0, 0, 0, 0, 0, 0, 0, 0, 3, 8, 64
"/home/lennart-k-hler/projects/dolphin/include/deconvolution/deconvolutionStrategies/LabeledDeconvolutionStrategy.h", "C++", 0, 0, 0, 44, 0, 0, 0, 0, 0, 0, 0, 0, 0, 0, 0, 0, 0, 0, 0, 0, 11, 12, 67
"/home/lennart-k-hler/projects/dolphin/include/deconvolution/deconvolutionStrategies/LabeledImageDeconvolutionStrategy__old.h", "C++", 0, 0, 0, 25, 0, 0, 0, 0, 0, 0, 0, 0, 0, 0, 0, 0, 0, 0, 0, 0, 1, 7, 33
"/home/lennart-k-hler/projects/dolphin/include/deconvolution/deconvolutionStrategies/StandardDeconvolutionExecutor.h", "C++", 0, 0, 0, 46, 0, 0, 0, 0, 0, 0, 0, 0, 0, 0, 0, 0, 0, 0, 0, 0, 3, 6, 55
"/home/lennart-k-hler/projects/dolphin/include/deconvolution/deconvolutionStrategies/StandardDeconvolutionStrategy.h", "C++", 0, 0, 0, 46, 0, 0, 0, 0, 0, 0, 0, 0, 0, 0, 0, 0, 0, 0, 0, 0, 2, 12, 60
"/home/lennart-k-hler/projects/dolphin/include/frontend/CLIFrontend.h", "C++", 0, 0, 0, 34, 0, 0, 0, 0, 0, 0, 0, 0, 0, 0, 0, 0, 0, 0, 0, 0, 0, 9, 43
"/home/lennart-k-hler/projects/dolphin/include/frontend/IFrontend.h", "C++", 0, 0, 0, 10, 0, 0, 0, 0, 0, 0, 0, 0, 0, 0, 0, 0, 0, 0, 0, 0, 0, 2, 12
"/home/lennart-k-hler/projects/dolphin/include/frontend/SetupConfig.h", "C++", 0, 0, 0, 30, 0, 0, 0, 0, 0, 0, 0, 0, 0, 0, 0, 0, 0, 0, 0, 0, 3, 12, 45
"/home/lennart-k-hler/projects/dolphin/include/frontend/gui/DefaultGUIStyleConfig.h", "C++", 0, 0, 0, 15, 0, 0, 0, 0, 0, 0, 0, 0, 0, 0, 0, 0, 0, 0, 0, 0, 0, 5, 20
"/home/lennart-k-hler/projects/dolphin/include/frontend/gui/GUIFrontend.h", "C++", 0, 0, 0, 28, 0, 0, 0, 0, 0, 0, 0, 0, 0, 0, 0, 0, 0, 0, 0, 0, 0, 8, 36
"/home/lennart-k-hler/projects/dolphin/include/frontend/gui/GUIStyleConfig.h", "C++", 0, 0, 0, 26, 0, 0, 0, 0, 0, 0, 0, 0, 0, 0, 0, 0, 0, 0, 0, 0, 0, 16, 42
"/home/lennart-k-hler/projects/dolphin/include/frontend/gui/imguiWidget.h", "C++", 0, 0, 0, 61, 0, 0, 0, 0, 0, 0, 0, 0, 0, 0, 0, 0, 0, 0, 0, 0, 2, 18, 81
"/home/lennart-k-hler/projects/dolphin/include/frontend/gui/windows/BackendConfigWindow.h", "C++", 0, 0, 0, 10, 0, 0, 0, 0, 0, 0, 0, 0, 0, 0, 0, 0, 0, 0, 0, 0, 0, 3, 13
"/home/lennart-k-hler/projects/dolphin/include/frontend/gui/windows/ConfigWindow.h", "C++", 0, 0, 0, 27, 0, 0, 0, 0, 0, 0, 0, 0, 0, 0, 0, 0, 0, 0, 0, 0, 0, 10, 37
"/home/lennart-k-hler/projects/dolphin/include/frontend/gui/windows/FunctionContent.h", "C++", 0, 0, 0, 17, 0, 0, 0, 0, 0, 0, 0, 0, 0, 0, 0, 0, 0, 0, 0, 0, 0, 4, 21
"/home/lennart-k-hler/projects/dolphin/include/frontend/gui/windows/MainWindow.h", "C++", 0, 0, 0, 11, 0, 0, 0, 0, 0, 0, 0, 0, 0, 0, 0, 0, 0, 0, 0, 0, 1, 5, 17
"/home/lennart-k-hler/projects/dolphin/include/frontend/gui/windows/SpecificWindows.h", "C++", 0, 0, 0, 18, 0, 0, 0, 0, 0, 0, 0, 0, 0, 0, 0, 0, 0, 0, 0, 0, 0, 6, 24
"/home/lennart-k-hler/projects/dolphin/include/frontend/gui/windows/Window.h", "C++", 0, 0, 0, 43, 0, 0, 0, 0, 0, 0, 0, 0, 0, 0, 0, 0, 0, 0, 0, 0, 0, 13, 56
"/home/lennart-k-hler/projects/dolphin/include/psf/PSF.h", "C++", 0, 0, 0, 14, 0, 0, 0, 0, 0, 0, 0, 0, 0, 0, 0, 0, 0, 0, 0, 0, 0, 9, 23
"/home/lennart-k-hler/projects/dolphin/include/psf/PSFGeneratorFactory.h", "C++", 0, 0, 0, 89, 0, 0, 0, 0, 0, 0, 0, 0, 0, 0, 0, 0, 0, 0, 0, 0, 4, 21, 114
"/home/lennart-k-hler/projects/dolphin/include/psf/configs/GaussianPSFConfig.h", "C++", 0, 0, 0, 20, 0, 0, 0, 0, 0, 0, 0, 0, 0, 0, 0, 0, 0, 0, 0, 0, 0, 10, 30
"/home/lennart-k-hler/projects/dolphin/include/psf/configs/GibsonLanniPSFConfig.h", "C++", 0, 0, 0, 25, 0, 0, 0, 0, 0, 0, 0, 0, 0, 0, 0, 0, 0, 0, 0, 0, 12, 24, 61
"/home/lennart-k-hler/projects/dolphin/include/psf/configs/PSFConfig.h", "C++", 0, 0, 0, 24, 0, 0, 0, 0, 0, 0, 0, 0, 0, 0, 0, 0, 0, 0, 0, 0, 0, 12, 36
"/home/lennart-k-hler/projects/dolphin/include/psf/generators/BasePSFGenerator.h", "C++", 0, 0, 0, 15, 0, 0, 0, 0, 0, 0, 0, 0, 0, 0, 0, 0, 0, 0, 0, 0, 1, 5, 21
"/home/lennart-k-hler/projects/dolphin/include/psf/generators/BesselHelper.h", "C++", 0, 0, 0, 37, 0, 0, 0, 0, 0, 0, 0, 0, 0, 0, 0, 0, 0, 0, 0, 0, 1, 7, 45
"/home/lennart-k-hler/projects/dolphin/include/psf/generators/BornWolfModel.h", "C++", 0, 0, 0, 16, 0, 0, 0, 0, 0, 0, 0, 0, 0, 0, 0, 0, 0, 0, 0, 0, 10, 8, 34
"/home/lennart-k-hler/projects/dolphin/include/psf/generators/GaussianPSFGenerator.h", "C++", 0, 0, 0, 15, 0, 0, 0, 0, 0, 0, 0, 0, 0, 0, 0, 0, 0, 0, 0, 0, 0, 11, 26
"/home/lennart-k-hler/projects/dolphin/include/psf/generators/GibsonLanniPSFGenerator.h", "C++", 0, 0, 0, 29, 0, 0, 0, 0, 0, 0, 0, 0, 0, 0, 0, 0, 0, 0, 0, 0, 0, 11, 40
"/home/lennart-k-hler/projects/dolphin/legacy/DeconvolutionBackendThreadManager.cpp", "C++", 0, 0, 0, 57, 0, 0, 0, 0, 0, 0, 0, 0, 0, 0, 0, 0, 0, 0, 0, 0, 3, 22, 82
"/home/lennart-k-hler/projects/dolphin/legacy/DeconvolutionBackendThreadManager.h", "C++", 0, 0, 0, 22, 0, 0, 0, 0, 0, 0, 0, 0, 0, 0, 0, 0, 0, 0, 0, 0, 0, 6, 28
"/home/lennart-k-hler/projects/dolphin/legacy/UtlFFT.cpp", "C++", 0, 0, 0, 447, 0, 0, 0, 0, 0, 0, 0, 0, 0, 0, 0, 0, 0, 0, 0, 0, 115, 83, 645
"/home/lennart-k-hler/projects/dolphin/legacy/UtlFFT.h", "C++", 0, 0, 0, 37, 0, 0, 0, 0, 0, 0, 0, 0, 0, 0, 0, 0, 0, 0, 0, 0, 2, 14, 53
"/home/lennart-k-hler/projects/dolphin/legacy/unused/BaseDeconvolutionAlgorithm.cpp", "C++", 0, 0, 0, 363, 0, 0, 0, 0, 0, 0, 0, 0, 0, 0, 0, 0, 0, 0, 0, 0, 48, 67, 478
"/home/lennart-k-hler/projects/dolphin/legacy/unused/BaseDeconvolutionAlgorithmCPU.cpp", "C++", 0, 0, 0, 437, 0, 0, 0, 0, 0, 0, 0, 0, 0, 0, 0, 0, 0, 0, 0, 0, 46, 125, 608
"/home/lennart-k-hler/projects/dolphin/legacy/unused/BaseDeconvolutionAlgorithmGPU.cpp", "C++", 0, 0, 0, 765, 0, 0, 0, 0, 0, 0, 0, 0, 0, 0, 0, 0, 0, 0, 0, 0, 74, 238, 1077
"/home/lennart-k-hler/projects/dolphin/legacy/unused/DeconvolutionAlgorithmHelpers.cpp", "C++", 0, 0, 0, 233, 0, 0, 0, 0, 0, 0, 0, 0, 0, 0, 0, 0, 0, 0, 0, 0, 33, 53, 319
"/home/lennart-k-hler/projects/dolphin/lib/CLI/CLI11.hpp", "C++", 0, 0, 0, 7937, 0, 0, 0, 0, 0, 0, 0, 0, 0, 0, 0, 0, 0, 0, 0, 0, 1515, 1515, 10967
"/home/lennart-k-hler/projects/dolphin/lib/cube/CMakeLists.txt", "CMake", 0, 0, 0, 0, 0, 0, 0, 42, 0, 0, 0, 0, 0, 0, 0, 0, 0, 0, 0, 0, 0, 10, 52
"/home/lennart-k-hler/projects/dolphin/lib/cube/README.md", "Markdown", 0, 192, 0, 0, 0, 0, 0, 0, 0, 0, 0, 0, 0, 0, 0, 0, 0, 0, 0, 0, 0, 65, 257
"/home/lennart-k-hler/projects/dolphin/lib/cube/include/CUBE.h", "C++", 0, 0, 0, 5, 0, 0, 0, 0, 0, 0, 0, 0, 0, 0, 0, 0, 0, 0, 0, 0, 0, 1, 6
"/home/lennart-k-hler/projects/dolphin/lib/cube/include/kernels.h", "C++", 0, 0, 0, 61, 0, 0, 0, 0, 0, 0, 0, 0, 0, 0, 0, 0, 0, 0, 0, 0, 8, 9, 78
"/home/lennart-k-hler/projects/dolphin/lib/cube/include/operations.h", "C++", 0, 0, 0, 51, 0, 0, 0, 0, 0, 0, 0, 0, 0, 0, 0, 0, 0, 0, 0, 0, 9, 11, 71
"/home/lennart-k-hler/projects/dolphin/lib/cube/include/utl.h", "C++", 0, 0, 0, 33, 0, 0, 0, 0, 0, 0, 0, 0, 0, 0, 0, 0, 0, 0, 0, 0, 3, 7, 43
"/home/lennart-k-hler/projects/dolphin/lib/cube/src/kernels/device.cu", "CUDA C++", 0, 0, 0, 0, 0, 0, 0, 0, 0, 0, 0, 0, 0, 2, 0, 0, 0, 0, 0, 0, 20, 3, 25
"/home/lennart-k-hler/projects/dolphin/lib/cube/src/kernels/global.cu", "CUDA C++", 0, 0, 0, 0, 0, 0, 0, 0, 0, 0, 0, 0, 0, 884, 0, 0, 0, 0, 0, 0, 169, 194, 1247
"/home/lennart-k-hler/projects/dolphin/lib/cube/src/main.cpp", "C++", 0, 0, 0, 87, 0, 0, 0, 0, 0, 0, 0, 0, 0, 0, 0, 0, 0, 0, 0, 0, 126, 30, 243
"/home/lennart-k-hler/projects/dolphin/lib/cube/src/operations.cu", "CUDA C++", 0, 0, 0, 0, 0, 0, 0, 0, 0, 0, 0, 0, 0, 769, 0, 0, 0, 0, 0, 0, 143, 339, 1251
"/home/lennart-k-hler/projects/dolphin/lib/cube/src/utl.cu", "CUDA C++", 0, 0, 0, 0, 0, 0, 0, 0, 0, 0, 0, 0, 0, 321, 0, 0, 0, 0, 0, 0, 42, 66, 429
"/home/lennart-k-hler/projects/dolphin/lib/imgui-filebrowser/README.md", "Markdown", 0, 95, 0, 0, 0, 0, 0, 0, 0, 0, 0, 0, 0, 0, 0, 0, 0, 0, 0, 0, 0, 27, 122
"/home/lennart-k-hler/projects/dolphin/lib/imgui-filebrowser/imfilebrowser.h", "C++", 0, 0, 0, 1085, 0, 0, 0, 0, 0, 0, 0, 0, 0, 0, 0, 0, 0, 0, 0, 0, 48, 190, 1323
"/home/lennart-k-hler/projects/dolphin/lib/imgui.ini", "Ini", 60, 0, 0, 0, 0, 0, 0, 0, 0, 0, 0, 0, 0, 0, 0, 0, 0, 0, 0, 0, 0, 21, 81
"/home/lennart-k-hler/projects/dolphin/lib/imgui/.github/FUNDING.yml", "YAML", 0, 0, 0, 0, 0, 0, 0, 0, 1, 0, 0, 0, 0, 0, 0, 0, 0, 0, 0, 0, 0, 1, 2
"/home/lennart-k-hler/projects/dolphin/lib/imgui/.github/ISSUE_TEMPLATE/config.yml", "YAML", 0, 0, 0, 0, 0, 0, 0, 0, 1, 0, 0, 0, 0, 0, 0, 0, 0, 0, 0, 0, 0, 1, 2
"/home/lennart-k-hler/projects/dolphin/lib/imgui/.github/ISSUE_TEMPLATE/issue_template.yml", "YAML", 0, 0, 0, 0, 0, 0, 0, 0, 88, 0, 0, 0, 0, 0, 0, 0, 0, 0, 0, 0, 0, 5, 93
"/home/lennart-k-hler/projects/dolphin/lib/imgui/.github/pull_request_template.md", "Markdown", 0, 4, 0, 0, 0, 0, 0, 0, 0, 0, 0, 0, 0, 0, 0, 0, 0, 0, 0, 0, 0, 5, 9
"/home/lennart-k-hler/projects/dolphin/lib/imgui/.github/workflows/manual.yml", "YAML", 0, 0, 0, 0, 0, 0, 0, 0, 7, 0, 0, 0, 0, 0, 0, 0, 0, 0, 0, 0, 3, 3, 13
"/home/lennart-k-hler/projects/dolphin/lib/imgui/.github/workflows/scheduled.yml", "YAML", 0, 0, 0, 0, 0, 0, 0, 0, 9, 0, 0, 0, 0, 0, 0, 0, 0, 0, 0, 0, 4, 3, 16
"/home/lennart-k-hler/projects/dolphin/lib/imgui/.github/workflows/static-analysis.yml", "YAML", 0, 0, 0, 0, 0, 0, 0, 0, 40, 0, 0, 0, 0, 0, 0, 0, 0, 0, 0, 0, 2, 5, 47
"/home/lennart-k-hler/projects/dolphin/lib/imgui/backends/imgui_impl_allegro5.cpp", "C++", 0, 0, 0, 511, 0, 0, 0, 0, 0, 0, 0, 0, 0, 0, 0, 0, 0, 0, 0, 0, 118, 66, 695
"/home/lennart-k-hler/projects/dolphin/lib/imgui/backends/imgui_impl_allegro5.h", "C++", 0, 0, 0, 15, 0, 0, 0, 0, 0, 0, 0, 0, 0, 0, 0, 0, 0, 0, 0, 0, 21, 9, 45
"/home/lennart-k-hler/projects/dolphin/lib/imgui/backends/imgui_impl_android.cpp", "C++", 0, 0, 0, 246, 0, 0, 0, 0, 0, 0, 0, 0, 0, 0, 0, 0, 0, 0, 0, 0, 38, 25, 309
"/home/lennart-k-hler/projects/dolphin/lib/imgui/backends/imgui_impl_android.h", "C++", 0, 0, 0, 10, 0, 0, 0, 0, 0, 0, 0, 0, 0, 0, 0, 0, 0, 0, 0, 0, 21, 7, 38
"/home/lennart-k-hler/projects/dolphin/lib/imgui/backends/imgui_impl_dx10.cpp", "C++", 0, 0, 0, 505, 0, 0, 0, 0, 0, 0, 0, 0, 0, 0, 0, 0, 0, 0, 0, 0, 89, 62, 656
"/home/lennart-k-hler/projects/dolphin/lib/imgui/backends/imgui_impl_dx10.h", "C++", 0, 0, 0, 20, 0, 0, 0, 0, 0, 0, 0, 0, 0, 0, 0, 0, 0, 0, 0, 0, 19, 10, 49
"/home/lennart-k-hler/projects/dolphin/lib/imgui/backends/imgui_impl_dx11.cpp", "C++", 0, 0, 0, 520, 0, 0, 0, 0, 0, 0, 0, 0, 0, 0, 0, 0, 0, 0, 0, 0, 92, 64, 676
"/home/lennart-k-hler/projects/dolphin/lib/imgui/backends/imgui_impl_dx11.h", "C++", 0, 0, 0, 22, 0, 0, 0, 0, 0, 0, 0, 0, 0, 0, 0, 0, 0, 0, 0, 0, 20, 10, 52
"/home/lennart-k-hler/projects/dolphin/lib/imgui/backends/imgui_impl_dx12.cpp", "C++", 0, 0, 0, 693, 0, 0, 0, 0, 0, 0, 0, 0, 0, 0, 0, 0, 0, 0, 0, 0, 127, 113, 933
"/home/lennart-k-hler/projects/dolphin/lib/imgui/backends/imgui_impl_dx12.h", "C++", 0, 0, 0, 38, 0, 0, 0, 0, 0, 0, 0, 0, 0, 0, 0, 0, 0, 0, 0, 0, 28, 14, 80
"/home/lennart-k-hler/projects/dolphin/lib/imgui/backends/imgui_impl_dx9.cpp", "C++", 0, 0, 0, 345, 0, 0, 0, 0, 0, 0, 0, 0, 0, 0, 0, 0, 0, 0, 0, 0, 81, 51, 477
"/home/lennart-k-hler/projects/dolphin/lib/imgui/backends/imgui_impl_dx9.h", "C++", 0, 0, 0, 12, 0, 0, 0, 0, 0, 0, 0, 0, 0, 0, 0, 0, 0, 0, 0, 0, 17, 9, 38
"/home/lennart-k-hler/projects/dolphin/lib/imgui/backends/imgui_impl_glfw.cpp", "C++", 0, 0, 0, 739, 0, 0, 0, 0, 0, 0, 0, 0, 0, 0, 0, 0, 0, 0, 0, 0, 172, 96, 1007
"/home/lennart-k-hler/projects/dolphin/lib/imgui/backends/imgui_impl_glfw.h", "C++", 0, 0, 0, 28, 0, 0, 0, 0, 0, 0, 0, 0, 0, 0, 0, 0, 0, 0, 0, 0, 30, 13, 71
"/home/lennart-k-hler/projects/dolphin/lib/imgui/backends/imgui_impl_glut.cpp", "C++", 0, 0, 0, 221, 0, 0, 0, 0, 0, 0, 0, 0, 0, 0, 0, 0, 0, 0, 0, 0, 61, 28, 310
"/home/lennart-k-hler/projects/dolphin/lib/imgui/backends/imgui_impl_glut.h", "C++", 0, 0, 0, 16, 0, 0, 0, 0, 0, 0, 0, 0, 0, 0, 0, 0, 0, 0, 0, 0, 24, 8, 48
"/home/lennart-k-hler/projects/dolphin/lib/imgui/backends/imgui_impl_metal.h", "C++", 0, 0, 0, 31, 0, 0, 0, 0, 0, 0, 0, 0, 0, 0, 0, 0, 0, 0, 0, 0, 28, 20, 79
"/home/lennart-k-hler/projects/dolphin/lib/imgui/backends/imgui_impl_metal.mm", "Objective-C++", 0, 0, 0, 0, 0, 0, 0, 0, 0, 0, 0, 0, 485, 0, 0, 0, 0, 0, 0, 0, 75, 91, 651
"/home/lennart-k-hler/projects/dolphin/lib/imgui/backends/imgui_impl_opengl2.cpp", "C++", 0, 0, 0, 216, 0, 0, 0, 0, 0, 0, 0, 0, 0, 0, 0, 0, 0, 0, 0, 0, 92, 41, 349
"/home/lennart-k-hler/projects/dolphin/lib/imgui/backends/imgui_impl_opengl2.h", "C++", 0, 0, 0, 11, 0, 0, 0, 0, 0, 0, 0, 0, 0, 0, 0, 0, 0, 0, 0, 0, 24, 9, 44
"/home/lennart-k-hler/projects/dolphin/lib/imgui/backends/imgui_impl_opengl3.cpp", "C++", 0, 0, 0, 739, 0, 0, 0, 0, 0, 0, 0, 0, 0, 0, 0, 0, 0, 0, 0, 0, 212, 100, 1051
"/home/lennart-k-hler/projects/dolphin/lib/imgui/backends/imgui_impl_opengl3.h", "C++", 0, 0, 0, 23, 0, 0, 0, 0, 0, 0, 0, 0, 0, 0, 0, 0, 0, 0, 0, 0, 32, 14, 69
"/home/lennart-k-hler/projects/dolphin/lib/imgui/backends/imgui_impl_opengl3_loader.h", "C++", 0, 0, 0, 767, 0, 0, 0, 0, 0, 0, 0, 0, 0, 0, 0, 0, 0, 0, 0, 0, 101, 62, 930
"/home/lennart-k-hler/projects/dolphin/lib/imgui/backends/imgui_impl_osx.h", "C++", 0, 0, 0, 18, 0, 0, 0, 0, 0, 0, 0, 0, 0, 0, 0, 0, 0, 0, 0, 0, 24, 13, 55
"/home/lennart-k-hler/projects/dolphin/lib/imgui/backends/imgui_impl_osx.mm", "Objective-C++", 0, 0, 0, 0, 0, 0, 0, 0, 0, 0, 0, 0, 604, 0, 0, 0, 0, 0, 0, 0, 128, 101, 833
"/home/lennart-k-hler/projects/dolphin/lib/imgui/backends/imgui_impl_sdl2.cpp", "C++", 0, 0, 0, 658, 0, 0, 0, 0, 0, 0, 0, 0, 0, 0, 0, 0, 0, 0, 0, 0, 165, 72, 895
"/home/lennart-k-hler/projects/dolphin/lib/imgui/backends/imgui_impl_sdl2.h", "C++", 0, 0, 0, 21, 0, 0, 0, 0, 0, 0, 0, 0, 0, 0, 0, 0, 0, 0, 0, 0, 21, 9, 51
"/home/lennart-k-hler/projects/dolphin/lib/imgui/backends/imgui_impl_sdl3.cpp", "C++", 0, 0, 0, 639, 0, 0, 0, 0, 0, 0, 0, 0, 0, 0, 0, 0, 0, 0, 0, 0, 119, 73, 831
"/home/lennart-k-hler/projects/dolphin/lib/imgui/backends/imgui_impl_sdl3.h", "C++", 0, 0, 0, 20, 0, 0, 0, 0, 0, 0, 0, 0, 0, 0, 0, 0, 0, 0, 0, 0, 20, 8, 48
"/home/lennart-k-hler/projects/dolphin/lib/imgui/backends/imgui_impl_sdlgpu3.cpp", "C++", 0, 0, 0, 478, 0, 0, 0, 0, 0, 0, 0, 0, 0, 0, 0, 0, 0, 0, 0, 0, 84, 99, 661
"/home/lennart-k-hler/projects/dolphin/lib/imgui/backends/imgui_impl_sdlgpu3.h", "C++", 0, 0, 0, 25, 0, 0, 0, 0, 0, 0, 0, 0, 0, 0, 0, 0, 0, 0, 0, 0, 26, 12, 63
"/home/lennart-k-hler/projects/dolphin/lib/imgui/backends/imgui_impl_sdlgpu3_shaders.h", "C++", 0, 0, 0, 363, 0, 0, 0, 0, 0, 0, 0, 0, 0, 0, 0, 0, 0, 0, 0, 0, 4, 6, 373
"/home/lennart-k-hler/projects/dolphin/lib/imgui/backends/imgui_impl_sdlrenderer2.cpp", "C++", 0, 0, 0, 190, 0, 0, 0, 0, 0, 0, 0, 0, 0, 0, 0, 0, 0, 0, 0, 0, 67, 43, 300
"/home/lennart-k-hler/projects/dolphin/lib/imgui/backends/imgui_impl_sdlrenderer2.h", "C++", 0, 0, 0, 16, 0, 0, 0, 0, 0, 0, 0, 0, 0, 0, 0, 0, 0, 0, 0, 0, 27, 11, 54
"/home/lennart-k-hler/projects/dolphin/lib/imgui/backends/imgui_impl_sdlrenderer3.cpp", "C++", 0, 0, 0, 206, 0, 0, 0, 0, 0, 0, 0, 0, 0, 0, 0, 0, 0, 0, 0, 0, 65, 45, 316
"/home/lennart-k-hler/projects/dolphin/lib/imgui/backends/imgui_impl_sdlrenderer3.h", "C++", 0, 0, 0, 16, 0, 0, 0, 0, 0, 0, 0, 0, 0, 0, 0, 0, 0, 0, 0, 0, 27, 11, 54
"/home/lennart-k-hler/projects/dolphin/lib/imgui/backends/imgui_impl_vulkan.cpp", "C++", 0, 0, 0, 1415, 0, 0, 0, 0, 0, 0, 0, 0, 0, 0, 0, 0, 0, 0, 0, 0, 257, 181, 1853
"/home/lennart-k-hler/projects/dolphin/lib/imgui/backends/imgui_impl_vulkan.h", "C++", 0, 0, 0, 107, 0, 0, 0, 0, 0, 0, 0, 0, 0, 0, 0, 0, 0, 0, 0, 0, 88, 29, 224
"/home/lennart-k-hler/projects/dolphin/lib/imgui/backends/imgui_impl_wgpu.cpp", "C++", 0, 0, 0, 698, 0, 0, 0, 0, 0, 0, 0, 0, 0, 0, 0, 0, 0, 0, 0, 0, 102, 109, 909
"/home/lennart-k-hler/projects/dolphin/lib/imgui/backends/imgui_impl_wgpu.h", "C++", 0, 0, 0, 31, 0, 0, 0, 0, 0, 0, 0, 0, 0, 0, 0, 0, 0, 0, 0, 0, 28, 13, 72
"/home/lennart-k-hler/projects/dolphin/lib/imgui/backends/imgui_impl_win32.cpp", "C++", 0, 0, 0, 727, 0, 0, 0, 0, 0, 0, 0, 0, 0, 0, 0, 0, 0, 0, 0, 0, 165, 78, 970
"/home/lennart-k-hler/projects/dolphin/lib/imgui/backends/imgui_impl_win32.h", "C++", 0, 0, 0, 15, 0, 0, 0, 0, 0, 0, 0, 0, 0, 0, 0, 0, 0, 0, 0, 0, 29, 10, 54
"/home/lennart-k-hler/projects/dolphin/lib/imgui/backends/sdlgpu3/shader.frag", "GLSL", 0, 0, 0, 0, 0, 0, 0, 0, 0, 12, 0, 0, 0, 0, 0, 0, 0, 0, 0, 0, 0, 4, 16
"/home/lennart-k-hler/projects/dolphin/lib/imgui/backends/sdlgpu3/shader.vert", "GLSL", 0, 0, 0, 0, 0, 0, 0, 0, 0, 21, 0, 0, 0, 0, 0, 0, 0, 0, 0, 0, 0, 4, 25
"/home/lennart-k-hler/projects/dolphin/lib/imgui/backends/vulkan/generate_spv.sh", "Shell Script", 0, 0, 0, 0, 0, 0, 0, 0, 0, 0, 0, 2, 0, 0, 0, 0, 0, 0, 0, 0, 4, 1, 7
"/home/lennart-k-hler/projects/dolphin/lib/imgui/backends/vulkan/glsl_shader.frag", "GLSL", 0, 0, 0, 0, 0, 0, 0, 0, 0, 11, 0, 0, 0, 0, 0, 0, 0, 0, 0, 0, 0, 4, 15
"/home/lennart-k-hler/projects/dolphin/lib/imgui/backends/vulkan/glsl_shader.vert", "GLSL", 0, 0, 0, 0, 0, 0, 0, 0, 0, 21, 0, 0, 0, 0, 0, 0, 0, 0, 0, 0, 0, 5, 26
"/home/lennart-k-hler/projects/dolphin/lib/imgui/docs/BACKENDS.md", "Markdown", 0, 301, 0, 0, 0, 0, 0, 0, 0, 0, 0, 0, 0, 0, 0, 0, 0, 0, 0, 0, 0, 77, 378
"/home/lennart-k-hler/projects/dolphin/lib/imgui/docs/CONTRIBUTING.md", "Markdown", 0, 58, 0, 0, 0, 0, 0, 0, 0, 0, 0, 0, 0, 0, 0, 0, 0, 0, 0, 0, 0, 24, 82
"/home/lennart-k-hler/projects/dolphin/lib/imgui/docs/EXAMPLES.md", "Markdown", 0, 186, 0, 0, 0, 0, 0, 0, 0, 0, 0, 0, 0, 0, 0, 0, 0, 0, 0, 0, 0, 55, 241
"/home/lennart-k-hler/projects/dolphin/lib/imgui/docs/FAQ.md", "Markdown", 0, 626, 0, 0, 0, 0, 0, 0, 0, 0, 0, 0, 0, 0, 0, 0, 0, 0, 0, 0, 0, 167, 793
"/home/lennart-k-hler/projects/dolphin/lib/imgui/docs/FONTS.md", "Markdown", 0, 446, 0, 0, 0, 0, 0, 0, 0, 0, 0, 0, 0, 0, 0, 0, 0, 0, 0, 0, 0, 159, 605
"/home/lennart-k-hler/projects/dolphin/lib/imgui/docs/README.md", "Markdown", 0, 149, 0, 0, 0, 0, 0, 0, 0, 0, 0, 0, 0, 0, 0, 0, 0, 0, 0, 0, 0, 74, 223
"/home/lennart-k-hler/projects/dolphin/lib/imgui/examples/example_allegro5/README.md", "Markdown", 0, 27, 0, 0, 0, 0, 0, 0, 0, 0, 0, 0, 0, 0, 0, 0, 0, 0, 0, 0, 0, 10, 37
"/home/lennart-k-hler/projects/dolphin/lib/imgui/examples/example_allegro5/example_allegro5.vcxproj", "XML", 0, 0, 0, 0, 0, 0, 185, 0, 0, 0, 0, 0, 0, 0, 0, 0, 0, 0, 0, 0, 0, 0, 185
"/home/lennart-k-hler/projects/dolphin/lib/imgui/examples/example_allegro5/imconfig_allegro5.h", "C++", 0, 0, 0, 2, 0, 0, 0, 0, 0, 0, 0, 0, 0, 0, 0, 0, 0, 0, 0, 0, 7, 3, 12
"/home/lennart-k-hler/projects/dolphin/lib/imgui/examples/example_allegro5/main.cpp", "C++", 0, 0, 0, 82, 0, 0, 0, 0, 0, 0, 0, 0, 0, 0, 0, 0, 0, 0, 0, 0, 45, 23, 150
"/home/lennart-k-hler/projects/dolphin/lib/imgui/examples/example_android_opengl3/CMakeLists.txt", "CMake", 0, 0, 0, 0, 0, 0, 0, 33, 0, 0, 0, 0, 0, 0, 0, 0, 0, 0, 0, 0, 0, 8, 41
"/home/lennart-k-hler/projects/dolphin/lib/imgui/examples/example_android_opengl3/android/app/src/main/AndroidManifest.xml", "XML", 0, 0, 0, 0, 0, 0, 21, 0, 0, 0, 0, 0, 0, 0, 0, 0, 0, 0, 0, 0, 0, 4, 25
"/home/lennart-k-hler/projects/dolphin/lib/imgui/examples/example_android_opengl3/android/settings.gradle", "Gradle", 0, 0, 0, 0, 0, 0, 0, 0, 0, 0, 0, 0, 0, 0, 0, 0, 1, 0, 0, 0, 0, 1, 2
"/home/lennart-k-hler/projects/dolphin/lib/imgui/examples/example_android_opengl3/main.cpp", "C++", 0, 0, 0, 241, 0, 0, 0, 0, 0, 0, 0, 0, 0, 0, 0, 0, 0, 0, 0, 0, 72, 70, 383
"/home/lennart-k-hler/projects/dolphin/lib/imgui/examples/example_apple_metal/Makefile", "Makefile", 0, 0, 0, 0, 0, 15, 0, 0, 0, 0, 0, 0, 0, 0, 0, 0, 0, 0, 0, 0, 1, 6, 22
"/home/lennart-k-hler/projects/dolphin/lib/imgui/examples/example_apple_metal/README.md", "Markdown", 0, 4, 0, 0, 0, 0, 0, 0, 0, 0, 0, 0, 0, 0, 0, 0, 0, 0, 0, 0, 0, 7, 11
"/home/lennart-k-hler/projects/dolphin/lib/imgui/examples/example_apple_metal/iOS/LaunchScreen.storyboard", "XML", 0, 0, 0, 0, 0, 0, 26, 0, 0, 0, 0, 0, 0, 0, 0, 0, 0, 0, 0, 0, 1, 1, 28
"/home/lennart-k-hler/projects/dolphin/lib/imgui/examples/example_apple_metal/macOS/MainMenu.storyboard", "XML", 0, 0, 0, 0, 0, 0, 92, 0, 0, 0, 0, 0, 0, 0, 0, 0, 0, 0, 0, 0, 1, 1, 94
"/home/lennart-k-hler/projects/dolphin/lib/imgui/examples/example_apple_metal/main.mm", "Objective-C++", 0, 0, 0, 0, 0, 0, 0, 0, 0, 0, 0, 0, 228, 0, 0, 0, 0, 0, 0, 0, 50, 71, 349
"/home/lennart-k-hler/projects/dolphin/lib/imgui/examples/example_apple_opengl2/Makefile", "Makefile", 0, 0, 0, 0, 0, 15, 0, 0, 0, 0, 0, 0, 0, 0, 0, 0, 0, 0, 0, 0, 1, 6, 22
"/home/lennart-k-hler/projects/dolphin/lib/imgui/examples/example_apple_opengl2/main.mm", "Objective-C++", 0, 0, 0, 0, 0, 0, 0, 0, 0, 0, 0, 0, 160, 0, 0, 0, 0, 0, 0, 0, 44, 53, 257
"/home/lennart-k-hler/projects/dolphin/lib/imgui/examples/example_glfw_metal/Makefile", "Makefile", 0, 0, 0, 0, 0, 28, 0, 0, 0, 0, 0, 0, 0, 0, 0, 0, 0, 0, 0, 0, 6, 13, 47
"/home/lennart-k-hler/projects/dolphin/lib/imgui/examples/example_glfw_metal/main.mm", "Objective-C++", 0, 0, 0, 0, 0, 0, 0, 0, 0, 0, 0, 0, 103, 0, 0, 0, 0, 0, 0, 0, 41, 34, 178
"/home/lennart-k-hler/projects/dolphin/lib/imgui/examples/example_glfw_opengl2/Makefile", "Makefile", 0, 0, 0, 0, 0, 42, 0, 0, 0, 0, 0, 0, 0, 0, 0, 0, 0, 0, 0, 0, 21, 19, 82
"/home/lennart-k-hler/projects/dolphin/lib/imgui/examples/example_glfw_opengl2/example_glfw_opengl2.vcxproj", "XML", 0, 0, 0, 0, 0, 0, 186, 0, 0, 0, 0, 0, 0, 0, 0, 0, 0, 0, 0, 0, 0, 0, 186
"/home/lennart-k-hler/projects/dolphin/lib/imgui/examples/example_glfw_opengl2/main.cpp", "C++", 0, 0, 0, 90, 0, 0, 0, 0, 0, 0, 0, 0, 0, 0, 0, 0, 0, 0, 0, 0, 53, 29, 172
"/home/lennart-k-hler/projects/dolphin/lib/imgui/examples/example_glfw_opengl3/Makefile", "Makefile", 0, 0, 0, 0, 0, 43, 0, 0, 0, 0, 0, 0, 0, 0, 0, 0, 0, 0, 0, 0, 27, 20, 90
"/home/lennart-k-hler/projects/dolphin/lib/imgui/examples/example_glfw_opengl3/example_glfw_opengl3.vcxproj", "XML", 0, 0, 0, 0, 0, 0, 187, 0, 0, 0, 0, 0, 0, 0, 0, 0, 0, 0, 0, 0, 0, 0, 187
"/home/lennart-k-hler/projects/dolphin/lib/imgui/examples/example_glfw_opengl3/main.cpp", "C++", 0, 0, 0, 129, 0, 0, 0, 0, 0, 0, 0, 0, 0, 0, 0, 0, 0, 0, 0, 0, 56, 30, 215
"/home/lennart-k-hler/projects/dolphin/lib/imgui/examples/example_glfw_vulkan/CMakeLists.txt", "CMake", 0, 0, 0, 0, 0, 0, 0, 37, 0, 0, 0, 0, 0, 0, 0, 0, 0, 0, 0, 0, 0, 11, 48
"/home/lennart-k-hler/projects/dolphin/lib/imgui/examples/example_glfw_vulkan/Makefile", "Makefile", 0, 0, 0, 0, 0, 45, 0, 0, 0, 0, 0, 0, 0, 0, 0, 0, 0, 0, 0, 0, 21, 18, 84
"/home/lennart-k-hler/projects/dolphin/lib/imgui/examples/example_glfw_vulkan/example_glfw_vulkan.vcxproj", "XML", 0, 0, 0, 0, 0, 0, 190, 0, 0, 0, 0, 0, 0, 0, 0, 0, 0, 0, 0, 0, 0, 0, 190
"/home/lennart-k-hler/projects/dolphin/lib/imgui/examples/example_glfw_vulkan/main.cpp", "C++", 0, 0, 0, 390, 0, 0, 0, 0, 0, 0, 0, 0, 0, 0, 0, 0, 0, 0, 0, 0, 78, 67, 535
"/home/lennart-k-hler/projects/dolphin/lib/imgui/examples/example_glfw_wgpu/CMakeLists.txt", "CMake", 0, 0, 0, 0, 0, 0, 0, 104, 0, 0, 0, 0, 0, 0, 0, 0, 0, 0, 0, 0, 0, 14, 118
"/home/lennart-k-hler/projects/dolphin/lib/imgui/examples/example_glfw_wgpu/README.md", "Markdown", 0, 17, 0, 0, 0, 0, 0, 0, 0, 0, 0, 0, 0, 0, 0, 0, 0, 0, 0, 0, 0, 8, 25
"/home/lennart-k-hler/projects/dolphin/lib/imgui/examples/example_glfw_wgpu/main.cpp", "C++", 0, 0, 0, 247, 0, 0, 0, 0, 0, 0, 0, 0, 0, 0, 0, 0, 0, 0, 0, 0, 53, 51, 351
"/home/lennart-k-hler/projects/dolphin/lib/imgui/examples/example_glut_opengl2/Makefile", "Makefile", 0, 0, 0, 0, 0, 45, 0, 0, 0, 0, 0, 0, 0, 0, 0, 0, 0, 0, 0, 0, 15, 16, 76
"/home/lennart-k-hler/projects/dolphin/lib/imgui/examples/example_glut_opengl2/example_glut_opengl2.vcxproj", "XML", 0, 0, 0, 0, 0, 0, 186, 0, 0, 0, 0, 0, 0, 0, 0, 0, 0, 0, 0, 0, 0, 0, 186
"/home/lennart-k-hler/projects/dolphin/lib/imgui/examples/example_glut_opengl2/main.cpp", "C++", 0, 0, 0, 80, 0, 0, 0, 0, 0, 0, 0, 0, 0, 0, 0, 0, 0, 0, 0, 0, 55, 30, 165
"/home/lennart-k-hler/projects/dolphin/lib/imgui/examples/example_null/Makefile", "Makefile", 0, 0, 0, 0, 0, 58, 0, 0, 0, 0, 0, 0, 0, 0, 0, 0, 0, 0, 0, 0, 17, 18, 93
"/home/lennart-k-hler/projects/dolphin/lib/imgui/examples/example_null/main.cpp", "C++", 0, 0, 0, 25, 0, 0, 0, 0, 0, 0, 0, 0, 0, 0, 0, 0, 0, 0, 0, 0, 7, 7, 39
"/home/lennart-k-hler/projects/dolphin/lib/imgui/examples/example_sdl2_directx11/example_sdl2_directx11.vcxproj", "XML", 0, 0, 0, 0, 0, 0, 187, 0, 0, 0, 0, 0, 0, 0, 0, 0, 0, 0, 0, 0, 0, 0, 187
"/home/lennart-k-hler/projects/dolphin/lib/imgui/examples/example_sdl2_directx11/main.cpp", "C++", 0, 0, 0, 169, 0, 0, 0, 0, 0, 0, 0, 0, 0, 0, 0, 0, 0, 0, 0, 0, 54, 37, 260
"/home/lennart-k-hler/projects/dolphin/lib/imgui/examples/example_sdl2_metal/Makefile", "Makefile", 0, 0, 0, 0, 0, 29, 0, 0, 0, 0, 0, 0, 0, 0, 0, 0, 0, 0, 0, 0, 6, 13, 48
"/home/lennart-k-hler/projects/dolphin/lib/imgui/examples/example_sdl2_metal/main.mm", "Objective-C++", 0, 0, 0, 0, 0, 0, 0, 0, 0, 0, 0, 0, 113, 0, 0, 0, 0, 0, 0, 0, 44, 33, 190
"/home/lennart-k-hler/projects/dolphin/lib/imgui/examples/example_sdl2_opengl2/Makefile", "Makefile", 0, 0, 0, 0, 0, 42, 0, 0, 0, 0, 0, 0, 0, 0, 0, 0, 0, 0, 0, 0, 20, 18, 80
"/home/lennart-k-hler/projects/dolphin/lib/imgui/examples/example_sdl2_opengl2/README.md", "Markdown", 0, 20, 0, 0, 0, 0, 0, 0, 0, 0, 0, 0, 0, 0, 0, 0, 0, 0, 0, 0, 0, 10, 30
"/home/lennart-k-hler/projects/dolphin/lib/imgui/examples/example_sdl2_opengl2/example_sdl2_opengl2.vcxproj", "XML", 0, 0, 0, 0, 0, 0, 186, 0, 0, 0, 0, 0, 0, 0, 0, 0, 0, 0, 0, 0, 0, 0, 186
"/home/lennart-k-hler/projects/dolphin/lib/imgui/examples/example_sdl2_opengl2/main.cpp", "C++", 0, 0, 0, 113, 0, 0, 0, 0, 0, 0, 0, 0, 0, 0, 0, 0, 0, 0, 0, 0, 48, 28, 189
"/home/lennart-k-hler/projects/dolphin/lib/imgui/examples/example_sdl2_opengl3/Makefile", "Makefile", 0, 0, 0, 0, 0, 43, 0, 0, 0, 0, 0, 0, 0, 0, 0, 0, 0, 0, 0, 0, 29, 20, 92
"/home/lennart-k-hler/projects/dolphin/lib/imgui/examples/example_sdl2_opengl3/README.md", "Markdown", 0, 42, 0, 0, 0, 0, 0, 0, 0, 0, 0, 0, 0, 0, 0, 0, 0, 0, 0, 0, 0, 16, 58
"/home/lennart-k-hler/projects/dolphin/lib/imgui/examples/example_sdl2_opengl3/example_sdl2_opengl3.vcxproj", "XML", 0, 0, 0, 0, 0, 0, 187, 0, 0, 0, 0, 0, 0, 0, 0, 0, 0, 0, 0, 0, 0, 0, 187
"/home/lennart-k-hler/projects/dolphin/lib/imgui/examples/example_sdl2_opengl3/main.cpp", "C++", 0, 0, 0, 156, 0, 0, 0, 0, 0, 0, 0, 0, 0, 0, 0, 0, 0, 0, 0, 0, 53, 30, 239
"/home/lennart-k-hler/projects/dolphin/lib/imgui/examples/example_sdl2_sdlrenderer2/Makefile", "Makefile", 0, 0, 0, 0, 0, 42, 0, 0, 0, 0, 0, 0, 0, 0, 0, 0, 0, 0, 0, 0, 20, 18, 80
"/home/lennart-k-hler/projects/dolphin/lib/imgui/examples/example_sdl2_sdlrenderer2/README.md", "Markdown", 0, 18, 0, 0, 0, 0, 0, 0, 0, 0, 0, 0, 0, 0, 0, 0, 0, 0, 0, 0, 0, 8, 26
"/home/lennart-k-hler/projects/dolphin/lib/imgui/examples/example_sdl2_sdlrenderer2/example_sdl2_sdlrenderer2.vcxproj", "XML", 0, 0, 0, 0, 0, 0, 187, 0, 0, 0, 0, 0, 0, 0, 0, 0, 0, 0, 0, 0, 0, 1, 188
"/home/lennart-k-hler/projects/dolphin/lib/imgui/examples/example_sdl2_sdlrenderer2/main.cpp", "C++", 0, 0, 0, 113, 0, 0, 0, 0, 0, 0, 0, 0, 0, 0, 0, 0, 0, 0, 0, 0, 49, 28, 190
"/home/lennart-k-hler/projects/dolphin/lib/imgui/examples/example_sdl2_vulkan/Makefile", "Makefile", 0, 0, 0, 0, 0, 44, 0, 0, 0, 0, 0, 0, 0, 0, 0, 0, 0, 0, 0, 0, 20, 17, 81
"/home/lennart-k-hler/projects/dolphin/lib/imgui/examples/example_sdl2_vulkan/example_sdl2_vulkan.vcxproj", "XML", 0, 0, 0, 0, 0, 0, 190, 0, 0, 0, 0, 0, 0, 0, 0, 0, 0, 0, 0, 0, 0, 1, 191
"/home/lennart-k-hler/projects/dolphin/lib/imgui/examples/example_sdl2_vulkan/main.cpp", "C++", 0, 0, 0, 410, 0, 0, 0, 0, 0, 0, 0, 0, 0, 0, 0, 0, 0, 0, 0, 0, 78, 68, 556
"/home/lennart-k-hler/projects/dolphin/lib/imgui/examples/example_sdl3_metal/Makefile", "Makefile", 0, 0, 0, 0, 0, 30, 0, 0, 0, 0, 0, 0, 0, 0, 0, 0, 0, 0, 0, 0, 6, 13, 49
"/home/lennart-k-hler/projects/dolphin/lib/imgui/examples/example_sdl3_metal/main.mm", "Objective-C++", 0, 0, 0, 0, 0, 0, 0, 0, 0, 0, 0, 0, 127, 0, 0, 0, 0, 0, 0, 0, 48, 34, 209
"/home/lennart-k-hler/projects/dolphin/lib/imgui/examples/example_sdl3_opengl3/Makefile", "Makefile", 0, 0, 0, 0, 0, 44, 0, 0, 0, 0, 0, 0, 0, 0, 0, 0, 0, 0, 0, 0, 22, 20, 86
"/home/lennart-k-hler/projects/dolphin/lib/imgui/examples/example_sdl3_opengl3/README.md", "Markdown", 0, 29, 0, 0, 0, 0, 0, 0, 0, 0, 0, 0, 0, 0, 0, 0, 0, 0, 0, 0, 0, 12, 41
"/home/lennart-k-hler/projects/dolphin/lib/imgui/examples/example_sdl3_opengl3/example_sdl3_opengl3.vcxproj", "XML", 0, 0, 0, 0, 0, 0, 187, 0, 0, 0, 0, 0, 0, 0, 0, 0, 0, 0, 0, 0, 0, 0, 187
"/home/lennart-k-hler/projects/dolphin/lib/imgui/examples/example_sdl3_opengl3/main.cpp", "C++", 0, 0, 0, 149, 0, 0, 0, 0, 0, 0, 0, 0, 0, 0, 0, 0, 0, 0, 0, 0, 55, 29, 233
"/home/lennart-k-hler/projects/dolphin/lib/imgui/examples/example_sdl3_sdlgpu3/Makefile", "Makefile", 0, 0, 0, 0, 0, 42, 0, 0, 0, 0, 0, 0, 0, 0, 0, 0, 0, 0, 0, 0, 13, 19, 74
"/home/lennart-k-hler/projects/dolphin/lib/imgui/examples/example_sdl3_sdlgpu3/example_sdl3_sdlgpu3.vcxproj", "XML", 0, 0, 0, 0, 0, 0, 189, 0, 0, 0, 0, 0, 0, 0, 0, 0, 0, 0, 0, 0, 0, 1, 190
"/home/lennart-k-hler/projects/dolphin/lib/imgui/examples/example_sdl3_sdlgpu3/main.cpp", "C++", 0, 0, 0, 135, 0, 0, 0, 0, 0, 0, 0, 0, 0, 0, 0, 0, 0, 0, 0, 0, 57, 37, 229
"/home/lennart-k-hler/projects/dolphin/lib/imgui/examples/example_sdl3_sdlrenderer3/Makefile", "Makefile", 0, 0, 0, 0, 0, 44, 0, 0, 0, 0, 0, 0, 0, 0, 0, 0, 0, 0, 0, 0, 13, 18, 75
"/home/lennart-k-hler/projects/dolphin/lib/imgui/examples/example_sdl3_sdlrenderer3/example_sdl3_sdlrenderer3.vcxproj", "XML", 0, 0, 0, 0, 0, 0, 186, 0, 0, 0, 0, 0, 0, 0, 0, 0, 0, 0, 0, 0, 0, 0, 186
"/home/lennart-k-hler/projects/dolphin/lib/imgui/examples/example_sdl3_sdlrenderer3/main.cpp", "C++", 0, 0, 0, 115, 0, 0, 0, 0, 0, 0, 0, 0, 0, 0, 0, 0, 0, 0, 0, 0, 52, 28, 195
"/home/lennart-k-hler/projects/dolphin/lib/imgui/examples/example_sdl3_vulkan/Makefile", "Makefile", 0, 0, 0, 0, 0, 44, 0, 0, 0, 0, 0, 0, 0, 0, 0, 0, 0, 0, 0, 0, 15, 19, 78
"/home/lennart-k-hler/projects/dolphin/lib/imgui/examples/example_sdl3_vulkan/example_sdl3_vulkan.vcxproj", "XML", 0, 0, 0, 0, 0, 0, 190, 0, 0, 0, 0, 0, 0, 0, 0, 0, 0, 0, 0, 0, 0, 0, 190
"/home/lennart-k-hler/projects/dolphin/lib/imgui/examples/example_sdl3_vulkan/main.cpp", "C++", 0, 0, 0, 408, 0, 0, 0, 0, 0, 0, 0, 0, 0, 0, 0, 0, 0, 0, 0, 0, 82, 69, 559
"/home/lennart-k-hler/projects/dolphin/lib/imgui/examples/example_win32_directx10/example_win32_directx10.vcxproj", "XML", 0, 0, 0, 0, 0, 0, 176, 0, 0, 0, 0, 0, 0, 0, 0, 0, 0, 0, 0, 0, 0, 0, 176
"/home/lennart-k-hler/projects/dolphin/lib/imgui/examples/example_win32_directx10/main.cpp", "C++", 0, 0, 0, 182, 0, 0, 0, 0, 0, 0, 0, 0, 0, 0, 0, 0, 0, 0, 0, 0, 56, 42, 280
"/home/lennart-k-hler/projects/dolphin/lib/imgui/examples/example_win32_directx11/example_win32_directx11.vcxproj", "XML", 0, 0, 0, 0, 0, 0, 175, 0, 0, 0, 0, 0, 0, 0, 0, 0, 0, 0, 0, 0, 0, 0, 175
"/home/lennart-k-hler/projects/dolphin/lib/imgui/examples/example_win32_directx11/main.cpp", "C++", 0, 0, 0, 185, 0, 0, 0, 0, 0, 0, 0, 0, 0, 0, 0, 0, 0, 0, 0, 0, 56, 42, 283
"/home/lennart-k-hler/projects/dolphin/lib/imgui/examples/example_win32_directx12/example_win32_directx12.vcxproj", "XML", 0, 0, 0, 0, 0, 0, 180, 0, 0, 0, 0, 0, 0, 0, 0, 0, 0, 0, 0, 0, 0, 0, 180
"/home/lennart-k-hler/projects/dolphin/lib/imgui/examples/example_win32_directx12/main.cpp", "C++", 0, 0, 0, 406, 0, 0, 0, 0, 0, 0, 0, 0, 0, 0, 0, 0, 0, 0, 0, 0, 64, 78, 548
"/home/lennart-k-hler/projects/dolphin/lib/imgui/examples/example_win32_directx9/example_win32_directx9.vcxproj", "XML", 0, 0, 0, 0, 0, 0, 176, 0, 0, 0, 0, 0, 0, 0, 0, 0, 0, 0, 0, 0, 0, 0, 176
"/home/lennart-k-hler/projects/dolphin/lib/imgui/examples/example_win32_directx9/main.cpp", "C++", 0, 0, 0, 179, 0, 0, 0, 0, 0, 0, 0, 0, 0, 0, 0, 0, 0, 0, 0, 0, 54, 40, 273
"/home/lennart-k-hler/projects/dolphin/lib/imgui/examples/example_win32_opengl3/example_win32_opengl3.vcxproj", "XML", 0, 0, 0, 0, 0, 0, 176, 0, 0, 0, 0, 0, 0, 0, 0, 0, 0, 0, 0, 0, 0, 0, 176
"/home/lennart-k-hler/projects/dolphin/lib/imgui/examples/example_win32_opengl3/main.cpp", "C++", 0, 0, 0, 156, 0, 0, 0, 0, 0, 0, 0, 0, 0, 0, 0, 0, 0, 0, 0, 0, 51, 37, 244
"/home/lennart-k-hler/projects/dolphin/lib/imgui/examples/example_win32_vulkan/example_win32_vulkan.vcxproj", "XML", 0, 0, 0, 0, 0, 0, 178, 0, 0, 0, 0, 0, 0, 0, 0, 0, 0, 0, 0, 0, 0, 0, 178
"/home/lennart-k-hler/projects/dolphin/lib/imgui/examples/example_win32_vulkan/main.cpp", "C++", 0, 0, 0, 410, 0, 0, 0, 0, 0, 0, 0, 0, 0, 0, 0, 0, 0, 0, 0, 0, 81, 69, 560
"/home/lennart-k-hler/projects/dolphin/lib/imgui/examples/libs/emscripten/emscripten_mainloop_stub.h", "C++", 0, 0, 0, 11, 0, 0, 0, 0, 0, 0, 0, 0, 0, 0, 0, 0, 0, 0, 0, 0, 26, 2, 39
"/home/lennart-k-hler/projects/dolphin/lib/imgui/examples/libs/emscripten/shell_minimal.html", "HTML", 0, 0, 0, 0, 0, 0, 0, 0, 0, 0, 0, 0, 0, 0, 0, 65, 0, 0, 0, 0, 0, 1, 66
"/home/lennart-k-hler/projects/dolphin/lib/imgui/examples/libs/glfw/include/GLFW/glfw3.h", "C++", 0, 0, 0, 475, 0, 0, 0, 0, 0, 0, 0, 0, 0, 0, 0, 0, 0, 0, 0, 0, 3570, 183, 4228
"/home/lennart-k-hler/projects/dolphin/lib/imgui/examples/libs/glfw/include/GLFW/glfw3native.h", "C++", 0, 0, 0, 77, 0, 0, 0, 0, 0, 0, 0, 0, 0, 0, 0, 0, 0, 0, 0, 0, 343, 37, 457
"/home/lennart-k-hler/projects/dolphin/lib/imgui/examples/libs/usynergy/uSynergy.c", "C", 0, 0, 0, 0, 0, 0, 0, 0, 0, 0, 0, 0, 0, 0, 366, 0, 0, 0, 0, 0, 194, 77, 637
"/home/lennart-k-hler/projects/dolphin/lib/imgui/examples/libs/usynergy/uSynergy.h", "C++", 0, 0, 0, 96, 0, 0, 0, 0, 0, 0, 0, 0, 0, 0, 0, 0, 0, 0, 0, 0, 237, 88, 421
"/home/lennart-k-hler/projects/dolphin/lib/imgui/imconfig.h", "C++", 0, 0, 0, 1, 0, 0, 0, 0, 0, 0, 0, 0, 0, 0, 0, 0, 0, 0, 0, 0, 121, 24, 146
"/home/lennart-k-hler/projects/dolphin/lib/imgui/imgui.cpp", "C++", 0, 0, 0, 12815, 0, 0, 0, 0, 0, 0, 0, 0, 0, 0, 0, 0, 0, 0, 0, 0, 3308, 1755, 17878
"/home/lennart-k-hler/projects/dolphin/lib/imgui/imgui.h", "C++", 0, 0, 0, 2441, 0, 0, 0, 0, 0, 0, 0, 0, 0, 0, 0, 0, 0, 0, 0, 0, 1315, 380, 4136
"/home/lennart-k-hler/projects/dolphin/lib/imgui/imgui_demo.cpp", "C++", 0, 0, 0, 8445, 0, 0, 0, 0, 0, 0, 0, 0, 0, 0, 0, 0, 0, 0, 0, 0, 1338, 1055, 10838
"/home/lennart-k-hler/projects/dolphin/lib/imgui/imgui_draw.cpp", "C++", 0, 0, 0, 4923, 0, 0, 0, 0, 0, 0, 0, 0, 0, 0, 0, 0, 0, 0, 0, 0, 748, 634, 6305
"/home/lennart-k-hler/projects/dolphin/lib/imgui/imgui_internal.h", "C++", 0, 0, 0, 2902, 0, 0, 0, 0, 0, 0, 0, 0, 0, 0, 0, 0, 0, 0, 0, 0, 602, 406, 3910
"/home/lennart-k-hler/projects/dolphin/lib/imgui/imgui_tables.cpp", "C++", 0, 0, 0, 3089, 0, 0, 0, 0, 0, 0, 0, 0, 0, 0, 0, 0, 0, 0, 0, 0, 983, 491, 4563
"/home/lennart-k-hler/projects/dolphin/lib/imgui/imgui_widgets.cpp", "C++", 0, 0, 0, 8020, 0, 0, 0, 0, 0, 0, 0, 0, 0, 0, 0, 0, 0, 0, 0, 0, 1428, 1185, 10633
"/home/lennart-k-hler/projects/dolphin/lib/imgui/imstb_rectpack.h", "C++", 0, 0, 0, 324, 0, 0, 0, 0, 0, 0, 0, 0, 0, 0, 0, 0, 0, 0, 0, 0, 229, 75, 628
"/home/lennart-k-hler/projects/dolphin/lib/imgui/imstb_textedit.h", "C++", 0, 0, 0, 833, 0, 0, 0, 0, 0, 0, 0, 0, 0, 0, 0, 0, 0, 0, 0, 0, 489, 167, 1489
"/home/lennart-k-hler/projects/dolphin/lib/imgui/imstb_truetype.h", "C++", 0, 0, 0, 3485, 0, 0, 0, 0, 0, 0, 0, 0, 0, 0, 0, 0, 0, 0, 0, 0, 1010, 591, 5086
"/home/lennart-k-hler/projects/dolphin/lib/imgui/misc/cpp/imgui_stdlib.cpp", "C++", 0, 0, 0, 64, 0, 0, 0, 0, 0, 0, 0, 0, 0, 0, 0, 0, 0, 0, 0, 0, 10, 15, 89
"/home/lennart-k-hler/projects/dolphin/lib/imgui/misc/cpp/imgui_stdlib.h", "C++", 0, 0, 0, 10, 0, 0, 0, 0, 0, 0, 0, 0, 0, 0, 0, 0, 0, 0, 0, 0, 8, 8, 26
"/home/lennart-k-hler/projects/dolphin/lib/imgui/misc/fonts/binary_to_compressed_c.cpp", "C++", 0, 0, 0, 313, 0, 0, 0, 0, 0, 0, 0, 0, 0, 0, 0, 0, 0, 0, 0, 0, 48, 64, 425
"/home/lennart-k-hler/projects/dolphin/lib/imgui/misc/freetype/README.md", "Markdown", 0, 37, 0, 0, 0, 0, 0, 0, 0, 0, 0, 0, 0, 0, 0, 0, 0, 0, 0, 0, 0, 18, 55
"/home/lennart-k-hler/projects/dolphin/lib/imgui/misc/freetype/imgui_freetype.cpp", "C++", 0, 0, 0, 518, 0, 0, 0, 0, 0, 0, 0, 0, 0, 0, 0, 0, 0, 0, 0, 0, 134, 100, 752
"/home/lennart-k-hler/projects/dolphin/lib/imgui/misc/freetype/imgui_freetype.h", "C++", 0, 0, 0, 43, 0, 0, 0, 0, 0, 0, 0, 0, 0, 0, 0, 0, 0, 0, 0, 0, 28, 13, 84
"/home/lennart-k-hler/projects/dolphin/lib/imgui/misc/single_file/imgui_single_file.h", "C++", 0, 0, 0, 17, 0, 0, 0, 0, 0, 0, 0, 0, 0, 0, 0, 0, 0, 0, 0, 0, 8, 5, 30
"/home/lennart-k-hler/projects/dolphin/lib/implot3d/.github/ISSUE_TEMPLATE/bug_report.md", "Markdown", 0, 9, 0, 0, 0, 0, 0, 0, 0, 0, 0, 0, 0, 0, 0, 0, 0, 0, 0, 0, 0, 1, 10
"/home/lennart-k-hler/projects/dolphin/lib/implot3d/.github/ISSUE_TEMPLATE/config.yml", "YAML", 0, 0, 0, 0, 0, 0, 0, 0, 8, 0, 0, 0, 0, 0, 0, 0, 0, 0, 0, 0, 0, 1, 9
"/home/lennart-k-hler/projects/dolphin/lib/implot3d/.github/ISSUE_TEMPLATE/feature_request.md", "Markdown", 0, 8, 0, 0, 0, 0, 0, 0, 0, 0, 0, 0, 0, 0, 0, 0, 0, 0, 0, 0, 0, 1, 9
"/home/lennart-k-hler/projects/dolphin/lib/implot3d/.github/copilot-instructions.md", "Markdown", 0, 29, 0, 0, 0, 0, 0, 0, 0, 0, 0, 0, 0, 0, 0, 0, 0, 0, 0, 0, 0, 12, 41
"/home/lennart-k-hler/projects/dolphin/lib/implot3d/.github/dependabot.yml", "YAML", 0, 0, 0, 0, 0, 0, 0, 0, 17, 0, 0, 0, 0, 0, 0, 0, 0, 0, 0, 0, 0, 1, 18
"/home/lennart-k-hler/projects/dolphin/lib/implot3d/.github/scripts/readme_svgs/common.py", "Python", 0, 0, 0, 0, 0, 0, 0, 0, 0, 0, 0, 0, 0, 0, 0, 0, 0, 0, 137, 0, 22, 23, 182
"/home/lennart-k-hler/projects/dolphin/lib/implot3d/.github/scripts/readme_svgs/gen_issue_cards.py", "Python", 0, 0, 0, 0, 0, 0, 0, 0, 0, 0, 0, 0, 0, 0, 0, 0, 0, 0, 129, 0, 181, 20, 330
"/home/lennart-k-hler/projects/dolphin/lib/implot3d/.github/scripts/readme_svgs/gen_status_cards.py", "Python", 0, 0, 0, 0, 0, 0, 0, 0, 0, 0, 0, 0, 0, 0, 0, 0, 0, 0, 22, 0, 14, 5, 41
"/home/lennart-k-hler/projects/dolphin/lib/implot3d/.github/scripts/readme_svgs/github_data.py", "Python", 0, 0, 0, 0, 0, 0, 0, 0, 0, 0, 0, 0, 0, 0, 0, 0, 0, 0, 356, 0, 159, 43, 558
"/home/lennart-k-hler/projects/dolphin/lib/implot3d/.github/scripts/readme_svgs/requirements.txt", "pip requirements", 0, 0, 0, 0, 0, 0, 0, 0, 0, 0, 0, 0, 0, 0, 0, 0, 0, 0, 0, 2, 0, 1, 3
"/home/lennart-k-hler/projects/dolphin/lib/implot3d/.github/workflows/copilot-setup-steps.yml", "YAML", 0, 0, 0, 0, 0, 0, 0, 0, 17, 0, 0, 0, 0, 0, 0, 0, 0, 0, 0, 0, 2, 4, 23
"/home/lennart-k-hler/projects/dolphin/lib/implot3d/.github/workflows/linux.yml", "YAML", 0, 0, 0, 0, 0, 0, 0, 0, 23, 0, 0, 0, 0, 0, 0, 0, 0, 0, 0, 0, 0, 3, 26
"/home/lennart-k-hler/projects/dolphin/lib/implot3d/.github/workflows/macos.yml", "YAML", 0, 0, 0, 0, 0, 0, 0, 0, 13, 0, 0, 0, 0, 0, 0, 0, 0, 0, 0, 0, 0, 3, 16
"/home/lennart-k-hler/projects/dolphin/lib/implot3d/.github/workflows/status-label.yml", "YAML", 0, 0, 0, 0, 0, 0, 0, 0, 140, 0, 0, 0, 0, 0, 0, 0, 0, 0, 0, 0, 0, 15, 155
"/home/lennart-k-hler/projects/dolphin/lib/implot3d/.github/workflows/update-readme.yml", "YAML", 0, 0, 0, 0, 0, 0, 0, 0, 44, 0, 0, 0, 0, 0, 0, 0, 0, 0, 0, 0, 0, 9, 53
"/home/lennart-k-hler/projects/dolphin/lib/implot3d/.github/workflows/windows.yml", "YAML", 0, 0, 0, 0, 0, 0, 0, 0, 13, 0, 0, 0, 0, 0, 0, 0, 0, 0, 0, 0, 0, 3, 16
"/home/lennart-k-hler/projects/dolphin/lib/implot3d/README.md", "Markdown", 0, 170, 0, 0, 0, 0, 0, 0, 0, 0, 0, 0, 0, 0, 0, 0, 0, 0, 0, 0, 0, 39, 209
"/home/lennart-k-hler/projects/dolphin/lib/implot3d/example/CMakeLists.txt", "CMake", 0, 0, 0, 0, 0, 0, 0, 76, 0, 0, 0, 0, 0, 0, 0, 0, 0, 0, 0, 0, 0, 9, 85
"/home/lennart-k-hler/projects/dolphin/lib/implot3d/example/main.cpp", "C++", 0, 0, 0, 66, 0, 0, 0, 0, 0, 0, 0, 0, 0, 0, 0, 0, 0, 0, 0, 0, 22, 16, 104
"/home/lennart-k-hler/projects/dolphin/lib/implot3d/implot3d.cpp", "C++", 0, 0, 0, 2762, 0, 0, 0, 0, 0, 0, 0, 0, 0, 0, 0, 0, 0, 0, 0, 0, 448, 536, 3746
"/home/lennart-k-hler/projects/dolphin/lib/implot3d/implot3d.h", "C++", 0, 0, 0, 431, 0, 0, 0, 0, 0, 0, 0, 0, 0, 0, 0, 0, 0, 0, 0, 0, 280, 148, 859
"/home/lennart-k-hler/projects/dolphin/lib/implot3d/implot3d_demo.cpp", "C++", 0, 0, 0, 996, 0, 0, 0, 0, 0, 0, 0, 0, 0, 0, 0, 0, 0, 0, 0, 0, 137, 176, 1309
"/home/lennart-k-hler/projects/dolphin/lib/implot3d/implot3d_internal.h", "C++", 0, 0, 0, 564, 0, 0, 0, 0, 0, 0, 0, 0, 0, 0, 0, 0, 0, 0, 0, 0, 139, 109, 812
"/home/lennart-k-hler/projects/dolphin/lib/implot3d/implot3d_items.cpp", "C++", 0, 0, 0, 1065, 0, 0, 0, 0, 0, 0, 0, 0, 0, 0, 0, 0, 0, 0, 0, 0, 197, 225, 1487
"/home/lennart-k-hler/projects/dolphin/lib/implot3d/implot3d_meshes.cpp", "C++", 0, 0, 0, 255, 0, 0, 0, 0, 0, 0, 0, 0, 0, 0, 0, 0, 0, 0, 0, 0, 38, 15, 308
"/home/lennart-k-hler/projects/dolphin/lib/nlohmann/json.hpp", "C++", 0, 0, 0, 17453, 0, 0, 0, 0, 0, 0, 0, 0, 0, 0, 0, 0, 0, 0, 0, 0, 4342, 2972, 24767
"/home/lennart-k-hler/projects/dolphin/src/DeconvolutionService.cpp", "C++", 0, 0, 0, 236, 0, 0, 0, 0, 0, 0, 0, 0, 0, 0, 0, 0, 0, 0, 0, 0, 32, 69, 337
"/home/lennart-k-hler/projects/dolphin/src/DeconvolutionStrategyFactory.cpp", "C++", 0, 0, 0, 54, 0, 0, 0, 0, 0, 0, 0, 0, 0, 0, 0, 0, 0, 0, 0, 0, 4, 16, 74
"/home/lennart-k-hler/projects/dolphin/src/Dolphin.cpp", "C++", 0, 0, 0, 30, 0, 0, 0, 0, 0, 0, 0, 0, 0, 0, 0, 0, 0, 0, 0, 0, 43, 24, 97
"/home/lennart-k-hler/projects/dolphin/src/IO/TiffReader.cpp", "C++", 0, 0, 0, 430, 0, 0, 0, 0, 0, 0, 0, 0, 0, 0, 0, 0, 0, 0, 0, 0, 83, 92, 605
"/home/lennart-k-hler/projects/dolphin/src/IO/TiffWriter.cpp", "C++", 0, 0, 0, 0, 0, 0, 0, 0, 0, 0, 0, 0, 0, 0, 0, 0, 0, 0, 0, 0, 0, 1, 1
"/home/lennart-k-hler/projects/dolphin/src/PSFCreator.cpp", "C++", 0, 0, 0, 100, 0, 0, 0, 0, 0, 0, 0, 0, 0, 0, 0, 0, 0, 0, 0, 0, 87, 57, 244
"/home/lennart-k-hler/projects/dolphin/src/PSFGenerationService.cpp", "C++", 0, 0, 0, 213, 0, 0, 0, 0, 0, 0, 0, 0, 0, 0, 0, 0, 0, 0, 0, 0, 30, 67, 310
"/home/lennart-k-hler/projects/dolphin/src/ServiceFactory.cpp", "C++", 0, 0, 0, 41, 0, 0, 0, 0, 0, 0, 0, 0, 0, 0, 0, 0, 0, 0, 0, 0, 16, 14, 71
"/home/lennart-k-hler/projects/dolphin/src/ThreadPool.cpp", "C++", 0, 0, 0, 32, 0, 0, 0, 0, 0, 0, 0, 0, 0, 0, 0, 0, 0, 0, 0, 0, 12, 8, 52
"/home/lennart-k-hler/projects/dolphin/src/backend/BackendFactory.cpp", "C++", 0, 0, 0, 101, 0, 0, 0, 0, 0, 0, 0, 0, 0, 0, 0, 0, 0, 0, 0, 0, 18, 28, 147
"/home/lennart-k-hler/projects/dolphin/src/backend/ComplexData.cpp", "C++", 0, 0, 0, 32, 0, 0, 0, 0, 0, 0, 0, 0, 0, 0, 0, 0, 0, 0, 0, 0, 15, 8, 55
"/home/lennart-k-hler/projects/dolphin/src/deconvolution/DeconvolutionAlgorithmFactory.cpp", "C++", 0, 0, 0, 85, 0, 0, 0, 0, 0, 0, 0, 0, 0, 0, 0, 0, 0, 0, 0, 0, 15, 25, 125
"/home/lennart-k-hler/projects/dolphin/src/deconvolution/DeconvolutionConfig.cpp", "C++", 0, 0, 0, 88, 0, 0, 0, 0, 0, 0, 0, 0, 0, 0, 0, 0, 0, 0, 0, 0, 65, 29, 182
"/home/lennart-k-hler/projects/dolphin/src/deconvolution/DeconvolutionProcessor.cpp", "C++", 0, 0, 0, 37, 0, 0, 0, 0, 0, 0, 0, 0, 0, 0, 0, 0, 0, 0, 0, 0, 13, 18, 68
"/home/lennart-k-hler/projects/dolphin/src/deconvolution/Postprocessor.cpp", "C++", 0, 0, 0, 60, 0, 0, 0, 0, 0, 0, 0, 0, 0, 0, 0, 0, 0, 0, 0, 0, 111, 54, 225
"/home/lennart-k-hler/projects/dolphin/src/deconvolution/Preprocessor.cpp", "C++", 0, 0, 0, 180, 0, 0, 0, 0, 0, 0, 0, 0, 0, 0, 0, 0, 0, 0, 0, 0, 48, 67, 295
"/home/lennart-k-hler/projects/dolphin/src/deconvolution/algorithms/InverseFilterDeconvolutionAlgorithm.cpp", "C++", 0, 0, 0, 26, 0, 0, 0, 0, 0, 0, 0, 0, 0, 0, 0, 0, 0, 0, 0, 0, 21, 15, 62
"/home/lennart-k-hler/projects/dolphin/src/deconvolution/algorithms/RLADDeconvolutionAlgorithm.cpp", "C++", 0, 0, 0, 49, 0, 0, 0, 0, 0, 0, 0, 0, 0, 0, 0, 0, 0, 0, 0, 0, 27, 21, 97
"/home/lennart-k-hler/projects/dolphin/src/deconvolution/algorithms/RLDeconvolutionAlgorithm.cpp", "C++", 0, 0, 0, 36, 0, 0, 0, 0, 0, 0, 0, 0, 0, 0, 0, 0, 0, 0, 0, 0, 27, 24, 87
"/home/lennart-k-hler/projects/dolphin/src/deconvolution/algorithms/RLTVDeconvolutionAlgorithm.cpp", "C++", 0, 0, 0, 54, 0, 0, 0, 0, 0, 0, 0, 0, 0, 0, 0, 0, 0, 0, 0, 0, 28, 22, 104
"/home/lennart-k-hler/projects/dolphin/src/deconvolution/algorithms/RegularizedInverseFilterDeconvolutionAlgorithm.cpp", "C++", 0, 0, 0, 39, 0, 0, 0, 0, 0, 0, 0, 0, 0, 0, 0, 0, 0, 0, 0, 0, 20, 13, 72
"/home/lennart-k-hler/projects/dolphin/src/deconvolution/algorithms/TestAlgorithm.cpp", "C++", 0, 0, 0, 30, 0, 0, 0, 0, 0, 0, 0, 0, 0, 0, 0, 0, 0, 0, 0, 0, 21, 20, 71
"/home/lennart-k-hler/projects/dolphin/src/deconvolution/deconvolutionStrategies/DeconvolutionStrategyFacade.cpp", "C++", 0, 0, 0, 54, 0, 0, 0, 0, 0, 0, 0, 0, 0, 0, 0, 0, 0, 0, 0, 0, 5, 11, 70
"/home/lennart-k-hler/projects/dolphin/src/deconvolution/deconvolutionStrategies/LabeledDeconvolutionExecutor.cpp", "C++", 0, 0, 0, 193, 0, 0, 0, 0, 0, 0, 0, 0, 0, 0, 0, 0, 0, 0, 0, 0, 15, 46, 254
"/home/lennart-k-hler/projects/dolphin/src/deconvolution/deconvolutionStrategies/LabeledDeconvolutionStrategy.cpp", "C++", 0, 0, 0, 192, 0, 0, 0, 0, 0, 0, 0, 0, 0, 0, 0, 0, 0, 0, 0, 0, 1, 41, 234
"/home/lennart-k-hler/projects/dolphin/src/deconvolution/deconvolutionStrategies/LabeledImageDeconvolutionStrategy.cpp", "C++", 0, 0, 0, 168, 0, 0, 0, 0, 0, 0, 0, 0, 0, 0, 0, 0, 0, 0, 0, 0, 24, 43, 235
"/home/lennart-k-hler/projects/dolphin/src/deconvolution/deconvolutionStrategies/StandardDeconvolutionExecutor.cpp", "C++", 0, 0, 0, 189, 0, 0, 0, 0, 0, 0, 0, 0, 0, 0, 0, 0, 0, 0, 0, 0, 16, 49, 254
"/home/lennart-k-hler/projects/dolphin/src/deconvolution/deconvolutionStrategies/StandardDeconvolutionStrategy.cpp", "C++", 0, 0, 0, 115, 0, 0, 0, 0, 0, 0, 0, 0, 0, 0, 0, 0, 0, 0, 0, 0, 0, 28, 143
"/home/lennart-k-hler/projects/dolphin/src/frontend/CLIFrontend.cpp", "C++", 0, 0, 0, 132, 0, 0, 0, 0, 0, 0, 0, 0, 0, 0, 0, 0, 0, 0, 0, 0, 44, 36, 212
"/home/lennart-k-hler/projects/dolphin/src/frontend/SetupConfig.cpp", "C++", 0, 0, 0, 94, 0, 0, 0, 0, 0, 0, 0, 0, 0, 0, 0, 0, 0, 0, 0, 0, 22, 22, 138
"/home/lennart-k-hler/projects/dolphin/src/frontend/gui/DefaultGUIStyleConfig.cpp", "C++", 0, 0, 0, 33, 0, 0, 0, 0, 0, 0, 0, 0, 0, 0, 0, 0, 0, 0, 0, 0, 16, 9, 58
"/home/lennart-k-hler/projects/dolphin/src/frontend/gui/GUIFrontend.cpp", "C++", 0, 0, 0, 136, 0, 0, 0, 0, 0, 0, 0, 0, 0, 0, 0, 0, 0, 0, 0, 0, 56, 43, 235
"/home/lennart-k-hler/projects/dolphin/src/frontend/gui/SpinningDonut.cpp", "C++", 0, 0, 0, 44, 0, 0, 0, 0, 0, 0, 0, 0, 0, 0, 0, 0, 0, 0, 0, 0, 17, 15, 76
"/home/lennart-k-hler/projects/dolphin/src/frontend/gui/imguiWidget.cpp", "C++", 0, 0, 0, 140, 0, 0, 0, 0, 0, 0, 0, 0, 0, 0, 0, 0, 0, 0, 0, 0, 25, 42, 207
"/home/lennart-k-hler/projects/dolphin/src/frontend/gui/windows/BackendConfigWindow.cpp", "C++", 0, 0, 0, 11, 0, 0, 0, 0, 0, 0, 0, 0, 0, 0, 0, 0, 0, 0, 0, 0, 12, 8, 31
"/home/lennart-k-hler/projects/dolphin/src/frontend/gui/windows/ConfigWindow.cpp", "C++", 0, 0, 0, 0, 0, 0, 0, 0, 0, 0, 0, 0, 0, 0, 0, 0, 0, 0, 0, 0, 19, 7, 26
"/home/lennart-k-hler/projects/dolphin/src/frontend/gui/windows/FunctionContent.cpp", "C++", 0, 0, 0, 18, 0, 0, 0, 0, 0, 0, 0, 0, 0, 0, 0, 0, 0, 0, 0, 0, 12, 11, 41
"/home/lennart-k-hler/projects/dolphin/src/frontend/gui/windows/MainWindow.cpp", "C++", 0, 0, 0, 45, 0, 0, 0, 0, 0, 0, 0, 0, 0, 0, 0, 0, 0, 0, 0, 0, 12, 21, 78
"/home/lennart-k-hler/projects/dolphin/src/frontend/gui/windows/SpecificWindows.cpp", "C++", 0, 0, 0, 111, 0, 0, 0, 0, 0, 0, 0, 0, 0, 0, 0, 0, 0, 0, 0, 0, 21, 36, 168
"/home/lennart-k-hler/projects/dolphin/src/frontend/gui/windows/Window.cpp", "C++", 0, 0, 0, 70, 0, 0, 0, 0, 0, 0, 0, 0, 0, 0, 0, 0, 0, 0, 0, 0, 28, 28, 126
"/home/lennart-k-hler/projects/dolphin/src/hyperstack/HyperstackIO.cpp", "C++", 0, 0, 0, 151, 0, 0, 0, 0, 0, 0, 0, 0, 0, 0, 0, 0, 0, 0, 0, 0, 20, 21, 192
"/home/lennart-k-hler/projects/dolphin/src/hyperstack/HyperstackImage.cpp", "C++", 0, 0, 0, 57, 0, 0, 0, 0, 0, 0, 0, 0, 0, 0, 0, 0, 0, 0, 0, 0, 47, 28, 132
"/home/lennart-k-hler/projects/dolphin/src/hyperstack/HyperstackMetaData.cpp", "C++", 0, 0, 0, 22, 0, 0, 0, 0, 0, 0, 0, 0, 0, 0, 0, 0, 0, 0, 0, 0, 12, 4, 38
"/home/lennart-k-hler/projects/dolphin/src/hyperstack/Image3D.cpp", "C++", 0, 0, 0, 57, 0, 0, 0, 0, 0, 0, 0, 0, 0, 0, 0, 0, 0, 0, 0, 0, 21, 14, 92
"/home/lennart-k-hler/projects/dolphin/src/hyperstack/ImageMetaData.cpp", "C++", 0, 0, 0, 1, 0, 0, 0, 0, 0, 0, 0, 0, 0, 0, 0, 0, 0, 0, 0, 0, 15, 3, 19
"/home/lennart-k-hler/projects/dolphin/src/main.cpp", "C++", 0, 0, 0, 17, 0, 0, 0, 0, 0, 0, 0, 0, 0, 0, 0, 0, 0, 0, 0, 0, 12, 7, 36
"/home/lennart-k-hler/projects/dolphin/src/psf/PSF.cpp", "C++", 0, 0, 0, 177, 0, 0, 0, 0, 0, 0, 0, 0, 0, 0, 0, 0, 0, 0, 0, 0, 52, 47, 276
"/home/lennart-k-hler/projects/dolphin/src/psf/configs/GaussianPSFConfig.cpp", "C++", 0, 0, 0, 38, 0, 0, 0, 0, 0, 0, 0, 0, 0, 0, 0, 0, 0, 0, 0, 0, 17, 15, 70
"/home/lennart-k-hler/projects/dolphin/src/psf/configs/GibsonLanniPSFConfig.cpp", "C++", 0, 0, 0, 45, 0, 0, 0, 0, 0, 0, 0, 0, 0, 0, 0, 0, 0, 0, 0, 0, 15, 7, 67
"/home/lennart-k-hler/projects/dolphin/src/psf/configs/PSFConfig.cpp", "C++", 0, 0, 0, 39, 0, 0, 0, 0, 0, 0, 0, 0, 0, 0, 0, 0, 0, 0, 0, 0, 16, 14, 69
"/home/lennart-k-hler/projects/dolphin/src/psf/generators/BornWolfModel.cpp", "C++", 0, 0, 0, 50, 0, 0, 0, 0, 0, 0, 0, 0, 0, 0, 0, 0, 0, 0, 0, 0, 26, 17, 93
"/home/lennart-k-hler/projects/dolphin/src/psf/generators/GaussianPSFGenerator.cpp", "C++", 0, 0, 0, 47, 0, 0, 0, 0, 0, 0, 0, 0, 0, 0, 0, 0, 0, 0, 0, 0, 16, 21, 84
"/home/lennart-k-hler/projects/dolphin/src/psf/generators/GibsonLanniPSFGenerator.cpp", "C++", 0, 0, 0, 114, 0, 0, 0, 0, 0, 0, 0, 0, 0, 0, 0, 0, 0, 0, 0, 0, 61, 42, 217
"/home/lennart-k-hler/projects/dolphin/src/psf/generators/SimpsonIntegrator.cpp", "C++", 0, 0, 0, 71, 0, 0, 0, 0, 0, 0, 0, 0, 0, 0, 0, 0, 0, 0, 0, 0, 13, 23, 107
"/home/lennart-k-hler/projects/dolphin/src/utilities/UtlGrid.cpp", "C++", 0, 0, 0, 235, 0, 0, 0, 0, 0, 0, 0, 0, 0, 0, 0, 0, 0, 0, 0, 0, 80, 75, 390
"/home/lennart-k-hler/projects/dolphin/src/utilities/UtlIO.cpp", "C++", 0, 0, 0, 159, 0, 0, 0, 0, 0, 0, 0, 0, 0, 0, 0, 0, 0, 0, 0, 0, 21, 26, 206
"/home/lennart-k-hler/projects/dolphin/src/utilities/UtlImage.cpp", "C++", 0, 0, 0, 36, 0, 0, 0, 0, 0, 0, 0, 0, 0, 0, 0, 0, 0, 0, 0, 0, 16, 7, 59
"/home/lennart-k-hler/projects/dolphin/tests/CMakeLists.txt", "CMake", 0, 0, 0, 0, 0, 0, 0, 101, 0, 0, 0, 0, 0, 0, 0, 0, 0, 0, 0, 0, 0, 22, 123
"/home/lennart-k-hler/projects/dolphin/tests/README_cufft_vs_fftw.md", "Markdown", 0, 126, 0, 0, 0, 0, 0, 0, 0, 0, 0, 0, 0, 0, 0, 0, 0, 0, 0, 0, 0, 45, 171
"/home/lennart-k-hler/projects/dolphin/tests/backends/CMakeLists.txt", "CMake", 0, 0, 0, 0, 0, 0, 0, 81, 0, 0, 0, 0, 0, 0, 0, 0, 0, 0, 0, 0, 0, 14, 95
"/home/lennart-k-hler/projects/dolphin/tests/backends/CUDABackendManager_example.cpp", "C++", 0, 0, 0, 44, 0, 0, 0, 0, 0, 0, 0, 0, 0, 0, 0, 0, 0, 0, 0, 0, 9, 18, 71
"/home/lennart-k-hler/projects/dolphin/tests/backends/README.md", "Markdown", 0, 64, 0, 0, 0, 0, 0, 0, 0, 0, 0, 0, 0, 0, 0, 0, 0, 0, 0, 0, 0, 26, 90
"/home/lennart-k-hler/projects/dolphin/tests/backends/cpu_test.cpp", "C++", 0, 0, 0, 41, 0, 0, 0, 0, 0, 0, 0, 0, 0, 0, 0, 0, 0, 0, 0, 0, 6, 14, 61
"/home/lennart-k-hler/projects/dolphin/tests/backends/cuda_test.cpp", "C++", 0, 0, 0, 41, 0, 0, 0, 0, 0, 0, 0, 0, 0, 0, 0, 0, 0, 0, 0, 0, 6, 14, 61
"/home/lennart-k-hler/projects/dolphin/tests/backends/fft_performance_test.cpp", "C++", 0, 0, 0, 141, 0, 0, 0, 0, 0, 0, 0, 0, 0, 0, 0, 0, 0, 0, 0, 0, 26, 42, 209
"/home/lennart-k-hler/projects/dolphin/tests/cufft_vs_fftw_comparison.cpp", "C++", 0, 0, 0, 179, 0, 0, 0, 0, 0, 0, 0, 0, 0, 0, 0, 0, 0, 0, 0, 0, 41, 54, 274
"/home/lennart-k-hler/projects/dolphin/tests/labeledImage/labeled_image_test.json", "JSON", 0, 0, 0, 0, 30, 0, 0, 0, 0, 0, 0, 0, 0, 0, 0, 0, 0, 0, 0, 0, 0, 9, 39
"/home/lennart-k-hler/projects/dolphin/tests/labeledImage/tiff_generation_test.cpp", "C++", 0, 0, 0, 143, 0, 0, 0, 0, 0, 0, 0, 0, 0, 0, 0, 0, 0, 0, 0, 0, 54, 33, 230
"/home/lennart-k-hler/projects/dolphin/tests/main.cpp", "C++", 0, 0, 0, 12, 0, 0, 0, 0, 0, 0, 0, 0, 0, 0, 0, 0, 0, 0, 0, 0, 3, 5, 20
"/home/lennart-k-hler/projects/dolphin/tests/memory_exception_example.cpp", "C++", 0, 0, 0, 23, 0, 0, 0, 0, 0, 0, 0, 0, 0, 0, 0, 0, 0, 0, 0, 0, 8, 7, 38
"Total", "-", 123, 14087, 36, 193275, 10653, 2641, 4807, 1943, 1991, 65, 28, 2, 1820, 2313, 1229, 65, 1, 897, 692, 2, 32767, 50062, 319499